row	kind	dst	aux	hint	depth_after
0	jmp	4194320	0	0	0
1	cal	4194320	4194336	0	1
2	cal	4194320	4194336	0	2
3	cal	4194320	4194336	0	3
4	cal	4194320	4194336	0	4
5	cal	4194320	4194336	0	5
6	cal	4194320	4194336	0	6
7	cal	4194320	4194336	0	7
8	cal	4194320	4194336	0	8
9	cal	4194320	4194336	0	9
10	cal	4194320	4194336	0	10
11	cal	4194320	4194336	0	11
12	cal	4194320	4194336	0	12
13	cal	4194320	4194336	0	13
14	cal	4194320	4194336	0	14
15	cal	4194320	4194336	0	15
16	cal	4194320	4194336	0	16
17	cal	4194320	4194336	0	17
18	cal	4194320	4194336	0	18
19	cal	4194320	4194336	0	19
20	cal	4194320	4194336	0	20
21	cal	4194320	4194336	0	21
22	cal	4194320	4194336	0	22
23	cal	4194320	4194336	0	23
24	cal	4194320	4194336	0	24
25	cal	4194320	4194336	0	25
26	cal	4194320	4194336	0	26
27	cal	4194320	4194336	0	27
28	cal	4194320	4194336	0	28
29	cal	4194320	4194336	0	29
30	cal	4194320	4194336	0	30
31	cal	4194320	4194336	0	31
32	cal	4194320	4194336	0	32
33	ret	4194336	0	32	31
34	jmp	4194320	0	0	31
35	ret	4194336	0	31	30
36	jmp	4194320	0	0	30
37	ret	4194336	0	30	29
38	jmp	4194320	0	0	29
39	ret	4194336	0	29	28
40	jmp	4194320	0	0	28
41	ret	4194336	0	28	27
42	jmp	4194320	0	0	27
43	ret	4194336	0	27	26
44	jmp	4194320	0	0	26
45	ret	4194336	0	26	25
46	jmp	4194320	0	0	25
47	ret	4194336	0	25	24
48	jmp	4194320	0	0	24
49	ret	4194336	0	24	23
50	jmp	4194320	0	0	23
51	ret	4194336	0	23	22
52	jmp	4194320	0	0	22
53	ret	4194336	0	22	21
54	jmp	4194320	0	0	21
55	ret	4194336	0	21	20
56	jmp	4194320	0	0	20
57	ret	4194336	0	20	19
58	jmp	4194320	0	0	19
59	ret	4194336	0	19	18
60	jmp	4194320	0	0	18
61	ret	4194336	0	18	17
62	jmp	4194320	0	0	17
63	ret	4194336	0	17	16
64	jmp	4194320	0	0	16
65	ret	4194336	0	16	15
66	jmp	4194320	0	0	15
67	ret	4194336	0	15	14
68	jmp	4194320	0	0	14
69	ret	4194336	0	14	13
70	jmp	4194320	0	0	13
71	ret	4194336	0	13	12
72	jmp	4194320	0	0	12
73	ret	4194336	0	12	11
74	jmp	4194320	0	0	11
75	ret	4194336	0	11	10
76	jmp	4194320	0	0	10
77	ret	4194336	0	10	9
78	jmp	4194320	0	0	9
79	ret	4194336	0	9	8
80	jmp	4194320	0	0	8
81	ret	4194336	0	8	7
82	jmp	4194320	0	0	7
83	ret	4194336	0	7	6
84	jmp	4194320	0	0	6
85	ret	4194336	0	6	5
86	jmp	4194320	0	0	5
87	ret	4194336	0	5	4
88	jmp	4194320	0	0	4
89	ret	4194336	0	4	3
90	jmp	4194320	0	0	3
91	ret	4194336	0	3	2
92	jmp	4194320	0	0	2
93	ret	4194336	0	2	1
94	jmp	4194320	0	0	1
95	ret	4194336	0	1	0
96	jmp	4194320	0	0	0
97	cal	4194320	4194336	0	1
98	cal	4194320	4194336	0	2
99	cal	4194320	4194336	0	3
100	cal	4194320	4194336	0	4
101	cal	4194320	4194336	0	5
102	cal	4194320	4194336	0	6
103	cal	4194320	4194336	0	7
104	cal	4194320	4194336	0	8
105	cal	4194320	4194336	0	9
106	cal	4194320	4194336	0	10
107	cal	4194320	4194336	0	11
108	cal	4194320	4194336	0	12
109	cal	4194320	4194336	0	13
110	cal	4194320	4194336	0	14
111	cal	4194320	4194336	0	15
112	cal	4194320	4194336	0	16
113	cal	4194320	4194336	0	17
114	cal	4194320	4194336	0	18
115	cal	4194320	4194336	0	19
116	cal	4194320	4194336	0	20
117	cal	4194320	4194336	0	21
118	cal	4194320	4194336	0	22
119	cal	4194320	4194336	0	23
120	cal	4194320	4194336	0	24
121	cal	4194320	4194336	0	25
122	cal	4194320	4194336	0	26
123	cal	4194320	4194336	0	27
124	cal	4194320	4194336	0	28
125	cal	4194320	4194336	0	29
126	cal	4194320	4194336	0	30
127	cal	4194320	4194336	0	31
128	cal	4194320	4194336	0	32
129	ret	4194336	0	128	31
130	jmp	4194320	0	0	31
131	ret	4194336	0	127	30
132	jmp	4194320	0	0	30
133	ret	4194336	0	126	29
134	jmp	4194320	0	0	29
135	ret	4194336	0	125	28
136	jmp	4194320	0	0	28
137	ret	4194336	0	124	27
138	jmp	4194320	0	0	27
139	ret	4194336	0	123	26
140	jmp	4194320	0	0	26
141	ret	4194336	0	122	25
142	jmp	4194320	0	0	25
143	ret	4194336	0	121	24
144	jmp	4194320	0	0	24
145	ret	4194336	0	120	23
146	jmp	4194320	0	0	23
147	ret	4194336	0	119	22
148	jmp	4194320	0	0	22
149	ret	4194336	0	118	21
150	jmp	4194320	0	0	21
151	ret	4194336	0	117	20
152	jmp	4194320	0	0	20
153	ret	4194336	0	116	19
154	jmp	4194320	0	0	19
155	ret	4194336	0	115	18
156	jmp	4194320	0	0	18
157	ret	4194336	0	114	17
158	jmp	4194320	0	0	17
159	ret	4194336	0	113	16
160	jmp	4194320	0	0	16
161	ret	4194336	0	112	15
162	jmp	4194320	0	0	15
163	ret	4194336	0	111	14
164	jmp	4194320	0	0	14
165	ret	4194336	0	110	13
166	jmp	4194320	0	0	13
167	ret	4194336	0	109	12
168	jmp	4194320	0	0	12
169	ret	4194336	0	108	11
170	jmp	4194320	0	0	11
171	ret	4194336	0	107	10
172	jmp	4194320	0	0	10
173	ret	4194336	0	106	9
174	jmp	4194320	0	0	9
175	ret	4194336	0	105	8
176	jmp	4194320	0	0	8
177	ret	4194336	0	104	7
178	jmp	4194320	0	0	7
179	ret	4194336	0	103	6
180	jmp	4194320	0	0	6
181	ret	4194336	0	102	5
182	jmp	4194320	0	0	5
183	ret	4194336	0	101	4
184	jmp	4194320	0	0	4
185	ret	4194336	0	100	3
186	jmp	4194320	0	0	3
187	ret	4194336	0	99	2
188	jmp	4194320	0	0	2
189	ret	4194336	0	98	1
190	jmp	4194320	0	0	1
191	ret	4194336	0	97	0
192	jmp	4194320	0	0	0
193	cal	4194320	4194336	0	1
194	cal	4194320	4194336	0	2
195	cal	4194320	4194336	0	3
196	cal	4194320	4194336	0	4
197	cal	4194320	4194336	0	5
198	cal	4194320	4194336	0	6
199	cal	4194320	4194336	0	7
200	cal	4194320	4194336	0	8
201	cal	4194320	4194336	0	9
202	cal	4194320	4194336	0	10
203	cal	4194320	4194336	0	11
204	cal	4194320	4194336	0	12
205	cal	4194320	4194336	0	13
206	cal	4194320	4194336	0	14
207	cal	4194320	4194336	0	15
208	cal	4194320	4194336	0	16
209	cal	4194320	4194336	0	17
210	cal	4194320	4194336	0	18
211	cal	4194320	4194336	0	19
212	cal	4194320	4194336	0	20
213	cal	4194320	4194336	0	21
214	cal	4194320	4194336	0	22
215	cal	4194320	4194336	0	23
216	cal	4194320	4194336	0	24
217	cal	4194320	4194336	0	25
218	cal	4194320	4194336	0	26
219	cal	4194320	4194336	0	27
220	cal	4194320	4194336	0	28
221	cal	4194320	4194336	0	29
222	cal	4194320	4194336	0	30
223	cal	4194320	4194336	0	31
224	cal	4194320	4194336	0	32
225	ret	4194336	0	224	31
226	jmp	4194320	0	0	31
227	ret	4194336	0	223	30
228	jmp	4194320	0	0	30
229	ret	4194336	0	222	29
230	jmp	4194320	0	0	29
231	ret	4194336	0	221	28
232	jmp	4194320	0	0	28
233	ret	4194336	0	220	27
234	jmp	4194320	0	0	27
235	ret	4194336	0	219	26
236	jmp	4194320	0	0	26
237	ret	4194336	0	218	25
238	jmp	4194320	0	0	25
239	ret	4194336	0	217	24
240	jmp	4194320	0	0	24
241	ret	4194336	0	216	23
242	jmp	4194320	0	0	23
243	ret	4194336	0	215	22
244	jmp	4194320	0	0	22
245	ret	4194336	0	214	21
246	jmp	4194320	0	0	21
247	ret	4194336	0	213	20
248	jmp	4194320	0	0	20
249	ret	4194336	0	212	19
250	jmp	4194320	0	0	19
251	ret	4194336	0	211	18
252	jmp	4194320	0	0	18
253	ret	4194336	0	210	17
254	jmp	4194320	0	0	17
255	ret	4194336	0	209	16
256	jmp	4194320	0	0	16
257	ret	4194336	0	208	15
258	jmp	4194320	0	0	15
259	ret	4194336	0	207	14
260	jmp	4194320	0	0	14
261	ret	4194336	0	206	13
262	jmp	4194320	0	0	13
263	ret	4194336	0	205	12
264	jmp	4194320	0	0	12
265	ret	4194336	0	204	11
266	jmp	4194320	0	0	11
267	ret	4194336	0	203	10
268	jmp	4194320	0	0	10
269	ret	4194336	0	202	9
270	jmp	4194320	0	0	9
271	ret	4194336	0	201	8
272	jmp	4194320	0	0	8
273	ret	4194336	0	200	7
274	jmp	4194320	0	0	7
275	ret	4194336	0	199	6
276	jmp	4194320	0	0	6
277	ret	4194336	0	198	5
278	jmp	4194320	0	0	5
279	ret	4194336	0	197	4
280	jmp	4194320	0	0	4
281	ret	4194336	0	196	3
282	jmp	4194320	0	0	3
283	ret	4194336	0	195	2
284	jmp	4194320	0	0	2
285	ret	4194336	0	194	1
286	jmp	4194320	0	0	1
287	ret	4194336	0	193	0
288	jmp	4194320	0	0	0
289	cal	4194320	4194336	0	1
290	cal	4194320	4194336	0	2
291	cal	4194320	4194336	0	3
292	cal	4194320	4194336	0	4
293	cal	4194320	4194336	0	5
294	cal	4194320	4194336	0	6
295	cal	4194320	4194336	0	7
296	cal	4194320	4194336	0	8
297	cal	4194320	4194336	0	9
298	cal	4194320	4194336	0	10
299	cal	4194320	4194336	0	11
300	cal	4194320	4194336	0	12
301	cal	4194320	4194336	0	13
302	cal	4194320	4194336	0	14
303	cal	4194320	4194336	0	15
304	cal	4194320	4194336	0	16
305	cal	4194320	4194336	0	17
306	cal	4194320	4194336	0	18
307	cal	4194320	4194336	0	19
308	cal	4194320	4194336	0	20
309	cal	4194320	4194336	0	21
310	cal	4194320	4194336	0	22
311	cal	4194320	4194336	0	23
312	cal	4194320	4194336	0	24
313	cal	4194320	4194336	0	25
314	cal	4194320	4194336	0	26
315	cal	4194320	4194336	0	27
316	cal	4194320	4194336	0	28
317	cal	4194320	4194336	0	29
318	cal	4194320	4194336	0	30
319	cal	4194320	4194336	0	31
320	cal	4194320	4194336	0	32
321	ret	4194336	0	320	31
322	jmp	4194320	0	0	31
323	ret	4194336	0	319	30
324	jmp	4194320	0	0	30
325	ret	4194336	0	318	29
326	jmp	4194320	0	0	29
327	ret	4194336	0	317	28
328	jmp	4194320	0	0	28
329	ret	4194336	0	316	27
330	jmp	4194320	0	0	27
331	ret	4194336	0	315	26
332	jmp	4194320	0	0	26
333	ret	4194336	0	314	25
334	jmp	4194320	0	0	25
335	ret	4194336	0	313	24
336	jmp	4194320	0	0	24
337	ret	4194336	0	312	23
338	jmp	4194320	0	0	23
339	ret	4194336	0	311	22
340	jmp	4194320	0	0	22
341	ret	4194336	0	310	21
342	jmp	4194320	0	0	21
343	ret	4194336	0	309	20
344	jmp	4194320	0	0	20
345	ret	4194336	0	308	19
346	jmp	4194320	0	0	19
347	ret	4194336	0	307	18
348	jmp	4194320	0	0	18
349	ret	4194336	0	306	17
350	jmp	4194320	0	0	17
351	ret	4194336	0	305	16
352	jmp	4194320	0	0	16
353	ret	4194336	0	304	15
354	jmp	4194320	0	0	15
355	ret	4194336	0	303	14
356	jmp	4194320	0	0	14
357	ret	4194336	0	302	13
358	jmp	4194320	0	0	13
359	ret	4194336	0	301	12
360	jmp	4194320	0	0	12
361	ret	4194336	0	300	11
362	jmp	4194320	0	0	11
363	ret	4194336	0	299	10
364	jmp	4194320	0	0	10
365	ret	4194336	0	298	9
366	jmp	4194320	0	0	9
367	ret	4194336	0	297	8
368	jmp	4194320	0	0	8
369	ret	4194336	0	296	7
370	jmp	4194320	0	0	7
371	ret	4194336	0	295	6
372	jmp	4194320	0	0	6
373	ret	4194336	0	294	5
374	jmp	4194320	0	0	5
375	ret	4194336	0	293	4
376	jmp	4194320	0	0	4
377	ret	4194336	0	292	3
378	jmp	4194320	0	0	3
379	ret	4194336	0	291	2
380	jmp	4194320	0	0	2
381	ret	4194336	0	290	1
382	jmp	4194320	0	0	1
383	ret	4194336	0	289	0
384	jmp	4194320	0	0	0
385	cal	4194320	4194336	0	1
386	cal	4194320	4194336	0	2
387	cal	4194320	4194336	0	3
388	cal	4194320	4194336	0	4
389	cal	4194320	4194336	0	5
390	cal	4194320	4194336	0	6
391	cal	4194320	4194336	0	7
392	cal	4194320	4194336	0	8
393	cal	4194320	4194336	0	9
394	cal	4194320	4194336	0	10
395	cal	4194320	4194336	0	11
396	cal	4194320	4194336	0	12
397	cal	4194320	4194336	0	13
398	cal	4194320	4194336	0	14
399	cal	4194320	4194336	0	15
400	cal	4194320	4194336	0	16
401	cal	4194320	4194336	0	17
402	cal	4194320	4194336	0	18
403	cal	4194320	4194336	0	19
404	cal	4194320	4194336	0	20
405	cal	4194320	4194336	0	21
406	cal	4194320	4194336	0	22
407	cal	4194320	4194336	0	23
408	cal	4194320	4194336	0	24
409	cal	4194320	4194336	0	25
410	cal	4194320	4194336	0	26
411	cal	4194320	4194336	0	27
412	cal	4194320	4194336	0	28
413	cal	4194320	4194336	0	29
414	cal	4194320	4194336	0	30
415	cal	4194320	4194336	0	31
416	cal	4194320	4194336	0	32
417	ret	4194336	0	416	31
418	jmp	4194320	0	0	31
419	ret	4194336	0	415	30
420	jmp	4194320	0	0	30
421	ret	4194336	0	414	29
422	jmp	4194320	0	0	29
423	ret	4194336	0	413	28
424	jmp	4194320	0	0	28
425	ret	4194336	0	412	27
426	jmp	4194320	0	0	27
427	ret	4194336	0	411	26
428	jmp	4194320	0	0	26
429	ret	4194336	0	410	25
430	jmp	4194320	0	0	25
431	ret	4194336	0	409	24
432	jmp	4194320	0	0	24
433	ret	4194336	0	408	23
434	jmp	4194320	0	0	23
435	ret	4194336	0	407	22
436	jmp	4194320	0	0	22
437	ret	4194336	0	406	21
438	jmp	4194320	0	0	21
439	ret	4194336	0	405	20
440	jmp	4194320	0	0	20
441	ret	4194336	0	404	19
442	jmp	4194320	0	0	19
443	ret	4194336	0	403	18
444	jmp	4194320	0	0	18
445	ret	4194336	0	402	17
446	jmp	4194320	0	0	17
447	ret	4194336	0	401	16
448	jmp	4194320	0	0	16
449	ret	4194336	0	400	15
450	jmp	4194320	0	0	15
451	ret	4194336	0	399	14
452	jmp	4194320	0	0	14
453	ret	4194336	0	398	13
454	jmp	4194320	0	0	13
455	ret	4194336	0	397	12
456	jmp	4194320	0	0	12
457	ret	4194336	0	396	11
458	jmp	4194320	0	0	11
459	ret	4194336	0	395	10
460	jmp	4194320	0	0	10
461	ret	4194336	0	394	9
462	jmp	4194320	0	0	9
463	ret	4194336	0	393	8
464	jmp	4194320	0	0	8
465	ret	4194336	0	392	7
466	jmp	4194320	0	0	7
467	ret	4194336	0	391	6
468	jmp	4194320	0	0	6
469	ret	4194336	0	390	5
470	jmp	4194320	0	0	5
471	ret	4194336	0	389	4
472	jmp	4194320	0	0	4
473	ret	4194336	0	388	3
474	jmp	4194320	0	0	3
475	ret	4194336	0	387	2
476	jmp	4194320	0	0	2
477	ret	4194336	0	386	1
478	jmp	4194320	0	0	1
479	ret	4194336	0	385	0
480	jmp	4194320	0	0	0
481	cal	4194320	4194336	0	1
482	cal	4194320	4194336	0	2
483	cal	4194320	4194336	0	3
484	cal	4194320	4194336	0	4
485	cal	4194320	4194336	0	5
486	cal	4194320	4194336	0	6
487	cal	4194320	4194336	0	7
488	cal	4194320	4194336	0	8
489	cal	4194320	4194336	0	9
490	cal	4194320	4194336	0	10
491	cal	4194320	4194336	0	11
492	cal	4194320	4194336	0	12
493	cal	4194320	4194336	0	13
494	cal	4194320	4194336	0	14
495	cal	4194320	4194336	0	15
496	cal	4194320	4194336	0	16
497	cal	4194320	4194336	0	17
498	cal	4194320	4194336	0	18
499	cal	4194320	4194336	0	19
500	cal	4194320	4194336	0	20
501	cal	4194320	4194336	0	21
502	cal	4194320	4194336	0	22
503	cal	4194320	4194336	0	23
504	cal	4194320	4194336	0	24
505	cal	4194320	4194336	0	25
506	cal	4194320	4194336	0	26
507	cal	4194320	4194336	0	27
508	cal	4194320	4194336	0	28
509	cal	4194320	4194336	0	29
510	cal	4194320	4194336	0	30
511	cal	4194320	4194336	0	31
512	cal	4194320	4194336	0	32
513	ret	4194336	0	512	31
514	jmp	4194320	0	0	31
515	ret	4194336	0	511	30
516	jmp	4194320	0	0	30
517	ret	4194336	0	510	29
518	jmp	4194320	0	0	29
519	ret	4194336	0	509	28
520	jmp	4194320	0	0	28
521	ret	4194336	0	508	27
522	jmp	4194320	0	0	27
523	ret	4194336	0	507	26
524	jmp	4194320	0	0	26
525	ret	4194336	0	506	25
526	jmp	4194320	0	0	25
527	ret	4194336	0	505	24
528	jmp	4194320	0	0	24
529	ret	4194336	0	504	23
530	jmp	4194320	0	0	23
531	ret	4194336	0	503	22
532	jmp	4194320	0	0	22
533	ret	4194336	0	502	21
534	jmp	4194320	0	0	21
535	ret	4194336	0	501	20
536	jmp	4194320	0	0	20
537	ret	4194336	0	500	19
538	jmp	4194320	0	0	19
539	ret	4194336	0	499	18
540	jmp	4194320	0	0	18
541	ret	4194336	0	498	17
542	jmp	4194320	0	0	17
543	ret	4194336	0	497	16
544	jmp	4194320	0	0	16
545	ret	4194336	0	496	15
546	jmp	4194320	0	0	15
547	ret	4194336	0	495	14
548	jmp	4194320	0	0	14
549	ret	4194336	0	494	13
550	jmp	4194320	0	0	13
551	ret	4194336	0	493	12
552	jmp	4194320	0	0	12
553	ret	4194336	0	492	11
554	jmp	4194320	0	0	11
555	ret	4194336	0	491	10
556	jmp	4194320	0	0	10
557	ret	4194336	0	490	9
558	jmp	4194320	0	0	9
559	ret	4194336	0	489	8
560	jmp	4194320	0	0	8
561	ret	4194336	0	488	7
562	jmp	4194320	0	0	7
563	ret	4194336	0	487	6
564	jmp	4194320	0	0	6
565	ret	4194336	0	486	5
566	jmp	4194320	0	0	5
567	ret	4194336	0	485	4
568	jmp	4194320	0	0	4
569	ret	4194336	0	484	3
570	jmp	4194320	0	0	3
571	ret	4194336	0	483	2
572	jmp	4194320	0	0	2
573	ret	4194336	0	482	1
574	jmp	4194320	0	0	1
575	ret	4194336	0	481	0
576	jmp	4194320	0	0	0
577	cal	4194320	4194336	0	1
578	cal	4194320	4194336	0	2
579	cal	4194320	4194336	0	3
580	cal	4194320	4194336	0	4
581	cal	4194320	4194336	0	5
582	cal	4194320	4194336	0	6
583	cal	4194320	4194336	0	7
584	cal	4194320	4194336	0	8
585	cal	4194320	4194336	0	9
586	cal	4194320	4194336	0	10
587	cal	4194320	4194336	0	11
588	cal	4194320	4194336	0	12
589	cal	4194320	4194336	0	13
590	cal	4194320	4194336	0	14
591	cal	4194320	4194336	0	15
592	cal	4194320	4194336	0	16
593	cal	4194320	4194336	0	17
594	cal	4194320	4194336	0	18
595	cal	4194320	4194336	0	19
596	cal	4194320	4194336	0	20
597	cal	4194320	4194336	0	21
598	cal	4194320	4194336	0	22
599	cal	4194320	4194336	0	23
600	cal	4194320	4194336	0	24
601	cal	4194320	4194336	0	25
602	cal	4194320	4194336	0	26
603	cal	4194320	4194336	0	27
604	cal	4194320	4194336	0	28
605	cal	4194320	4194336	0	29
606	cal	4194320	4194336	0	30
607	cal	4194320	4194336	0	31
608	cal	4194320	4194336	0	32
609	ret	4194336	0	608	31
610	jmp	4194320	0	0	31
611	ret	4194336	0	607	30
612	jmp	4194320	0	0	30
613	ret	4194336	0	606	29
614	jmp	4194320	0	0	29
615	ret	4194336	0	605	28
616	jmp	4194320	0	0	28
617	ret	4194336	0	604	27
618	jmp	4194320	0	0	27
619	ret	4194336	0	603	26
620	jmp	4194320	0	0	26
621	ret	4194336	0	602	25
622	jmp	4194320	0	0	25
623	ret	4194336	0	601	24
624	jmp	4194320	0	0	24
625	ret	4194336	0	600	23
626	jmp	4194320	0	0	23
627	ret	4194336	0	599	22
628	jmp	4194320	0	0	22
629	ret	4194336	0	598	21
630	jmp	4194320	0	0	21
631	ret	4194336	0	597	20
632	jmp	4194320	0	0	20
633	ret	4194336	0	596	19
634	jmp	4194320	0	0	19
635	ret	4194336	0	595	18
636	jmp	4194320	0	0	18
637	ret	4194336	0	594	17
638	jmp	4194320	0	0	17
639	ret	4194336	0	593	16
640	jmp	4194320	0	0	16
641	ret	4194336	0	592	15
642	jmp	4194320	0	0	15
643	ret	4194336	0	591	14
644	jmp	4194320	0	0	14
645	ret	4194336	0	590	13
646	jmp	4194320	0	0	13
647	ret	4194336	0	589	12
648	jmp	4194320	0	0	12
649	ret	4194336	0	588	11
650	jmp	4194320	0	0	11
651	ret	4194336	0	587	10
652	jmp	4194320	0	0	10
653	ret	4194336	0	586	9
654	jmp	4194320	0	0	9
655	ret	4194336	0	585	8
656	jmp	4194320	0	0	8
657	ret	4194336	0	584	7
658	jmp	4194320	0	0	7
659	ret	4194336	0	583	6
660	jmp	4194320	0	0	6
661	ret	4194336	0	582	5
662	jmp	4194320	0	0	5
663	ret	4194336	0	581	4
664	jmp	4194320	0	0	4
665	ret	4194336	0	580	3
666	jmp	4194320	0	0	3
667	ret	4194336	0	579	2
668	jmp	4194320	0	0	2
669	ret	4194336	0	578	1
670	jmp	4194320	0	0	1
671	ret	4194336	0	577	0
672	jmp	4194320	0	0	0
673	cal	4194320	4194336	0	1
674	cal	4194320	4194336	0	2
675	cal	4194320	4194336	0	3
676	cal	4194320	4194336	0	4
677	cal	4194320	4194336	0	5
678	cal	4194320	4194336	0	6
679	cal	4194320	4194336	0	7
680	cal	4194320	4194336	0	8
681	cal	4194320	4194336	0	9
682	cal	4194320	4194336	0	10
683	cal	4194320	4194336	0	11
684	cal	4194320	4194336	0	12
685	cal	4194320	4194336	0	13
686	cal	4194320	4194336	0	14
687	cal	4194320	4194336	0	15
688	cal	4194320	4194336	0	16
689	cal	4194320	4194336	0	17
690	cal	4194320	4194336	0	18
691	cal	4194320	4194336	0	19
692	cal	4194320	4194336	0	20
693	cal	4194320	4194336	0	21
694	cal	4194320	4194336	0	22
695	cal	4194320	4194336	0	23
696	cal	4194320	4194336	0	24
697	cal	4194320	4194336	0	25
698	cal	4194320	4194336	0	26
699	cal	4194320	4194336	0	27
700	cal	4194320	4194336	0	28
701	cal	4194320	4194336	0	29
702	cal	4194320	4194336	0	30
703	cal	4194320	4194336	0	31
704	cal	4194320	4194336	0	32
705	ret	4194336	0	704	31
706	jmp	4194320	0	0	31
707	ret	4194336	0	703	30
708	jmp	4194320	0	0	30
709	ret	4194336	0	702	29
710	jmp	4194320	0	0	29
711	ret	4194336	0	701	28
712	jmp	4194320	0	0	28
713	ret	4194336	0	700	27
714	jmp	4194320	0	0	27
715	ret	4194336	0	699	26
716	jmp	4194320	0	0	26
717	ret	4194336	0	698	25
718	jmp	4194320	0	0	25
719	ret	4194336	0	697	24
720	jmp	4194320	0	0	24
721	ret	4194336	0	696	23
722	jmp	4194320	0	0	23
723	ret	4194336	0	695	22
724	jmp	4194320	0	0	22
725	ret	4194336	0	694	21
726	jmp	4194320	0	0	21
727	ret	4194336	0	693	20
728	jmp	4194320	0	0	20
729	ret	4194336	0	692	19
730	jmp	4194320	0	0	19
731	ret	4194336	0	691	18
732	jmp	4194320	0	0	18
733	ret	4194336	0	690	17
734	jmp	4194320	0	0	17
735	ret	4194336	0	689	16
736	jmp	4194320	0	0	16
737	ret	4194336	0	688	15
738	jmp	4194320	0	0	15
739	ret	4194336	0	687	14
740	jmp	4194320	0	0	14
741	ret	4194336	0	686	13
742	jmp	4194320	0	0	13
743	ret	4194336	0	685	12
744	jmp	4194320	0	0	12
745	ret	4194336	0	684	11
746	jmp	4194320	0	0	11
747	ret	4194336	0	683	10
748	jmp	4194320	0	0	10
749	ret	4194336	0	682	9
750	jmp	4194320	0	0	9
751	ret	4194336	0	681	8
752	jmp	4194320	0	0	8
753	ret	4194336	0	680	7
754	jmp	4194320	0	0	7
755	ret	4194336	0	679	6
756	jmp	4194320	0	0	6
757	ret	4194336	0	678	5
758	jmp	4194320	0	0	5
759	ret	4194336	0	677	4
760	jmp	4194320	0	0	4
761	ret	4194336	0	676	3
762	jmp	4194320	0	0	3
763	ret	4194336	0	675	2
764	jmp	4194320	0	0	2
765	ret	4194336	0	674	1
766	jmp	4194320	0	0	1
767	ret	4194336	0	673	0
768	jmp	4194320	0	0	0
769	jmp	4194352	0	0	0
770	jmp	4194320	0	0	0
771	jmp	4194352	0	0	0
772	jmp	4194320	0	0	0
773	jmp	4194352	0	0	0
774	jmp	4194320	0	0	0
775	jmp	4194352	0	0	0
776	jmp	4194320	0	0	0
777	jmp	4194352	0	0	0
778	jmp	4194320	0	0	0
779	jmp	4194352	0	0	0
780	jmp	4194320	0	0	0
781	jmp	4194352	0	0	0
782	jmp	4194320	0	0	0
783	jmp	4194352	0	0	0
784	jmp	4194320	0	0	0
785	jmp	4194352	0	0	0
786	jmp	4194320	0	0	0
787	jmp	4194352	0	0	0
788	jmp	4194320	0	0	0
789	jmp	4194352	0	0	0
790	jmp	4194320	0	0	0
791	jmp	4194352	0	0	0
792	jmp	4194320	0	0	0
793	jmp	4194352	0	0	0
794	jmp	4194320	0	0	0
795	jmp	4194352	0	0	0
796	jmp	4194320	0	0	0
797	jmp	4194352	0	0	0
798	jmp	4194320	0	0	0
799	jmp	4194352	0	0	0
800	jmp	4194320	0	0	0
801	jmp	4194352	0	0	0
802	jmp	4194320	0	0	0
803	jmp	4194352	0	0	0
804	jmp	4194320	0	0	0
805	jmp	4194352	0	0	0
806	jmp	4194320	0	0	0
807	jmp	4194352	0	0	0
808	jmp	4194320	0	0	0
809	jmp	4194352	0	0	0
810	jmp	4194320	0	0	0
811	jmp	4194352	0	0	0
812	jmp	4194320	0	0	0
813	jmp	4194352	0	0	0
814	jmp	4194320	0	0	0
815	jmp	4194352	0	0	0
816	jmp	4194320	0	0	0
817	jmp	4194352	0	0	0
818	jmp	4194320	0	0	0
819	jmp	4194352	0	0	0
820	jmp	4194320	0	0	0
821	jmp	4194352	0	0	0
822	jmp	4194320	0	0	0
823	jmp	4194352	0	0	0
824	jmp	4194320	0	0	0
825	jmp	4194352	0	0	0
826	jmp	4194320	0	0	0
827	jmp	4194352	0	0	0
828	jmp	4194320	0	0	0
829	jmp	4194352	0	0	0
830	jmp	4194320	0	0	0
831	jmp	4194352	0	0	0
832	jmp	4194320	0	0	0
833	jmp	4194352	0	0	0
834	jmp	4194320	0	0	0
835	jmp	4194352	0	0	0
836	jmp	4194320	0	0	0
837	jmp	4194352	0	0	0
838	jmp	4194320	0	0	0
839	jmp	4194352	0	0	0
840	jmp	4194320	0	0	0
841	jmp	4194352	0	0	0
842	jmp	4194320	0	0	0
843	jmp	4194352	0	0	0
844	jmp	4194320	0	0	0
845	jmp	4194352	0	0	0
846	jmp	4194320	0	0	0
847	jmp	4194352	0	0	0
848	jmp	4194320	0	0	0
849	jmp	4194352	0	0	0
850	jmp	4194320	0	0	0
851	jmp	4194352	0	0	0
852	jmp	4194320	0	0	0
853	jmp	4194352	0	0	0
854	jmp	4194320	0	0	0
855	jmp	4194352	0	0	0
856	jmp	4194320	0	0	0
857	jmp	4194352	0	0	0
858	jmp	4194320	0	0	0
859	jmp	4194352	0	0	0
860	jmp	4194320	0	0	0
861	jmp	4194352	0	0	0
862	jmp	4194320	0	0	0
863	jmp	4194352	0	0	0
864	jmp	4194320	0	0	0
865	jmp	4194352	0	0	0
866	jmp	4194320	0	0	0
867	jmp	4194352	0	0	0
868	jmp	4194320	0	0	0
869	jmp	4194352	0	0	0
870	jmp	4194320	0	0	0
871	jmp	4194352	0	0	0
872	jmp	4194320	0	0	0
873	jmp	4194352	0	0	0
874	jmp	4194320	0	0	0
875	jmp	4194352	0	0	0
876	jmp	4194320	0	0	0
877	jmp	4194352	0	0	0
878	jmp	4194320	0	0	0
879	jmp	4194352	0	0	0
880	jmp	4194320	0	0	0
881	jmp	4194352	0	0	0
882	jmp	4194320	0	0	0
883	jmp	4194352	0	0	0
884	jmp	4194320	0	0	0
885	jmp	4194352	0	0	0
886	jmp	4194320	0	0	0
887	jmp	4194352	0	0	0
888	jmp	4194320	0	0	0
889	jmp	4194352	0	0	0
890	jmp	4194320	0	0	0
891	jmp	4194352	0	0	0
892	jmp	4194320	0	0	0
893	jmp	4194352	0	0	0
894	jmp	4194320	0	0	0
895	jmp	4194352	0	0	0
896	jmp	4194320	0	0	0
897	jmp	4194352	0	0	0
898	jmp	4194320	0	0	0
899	jmp	4194352	0	0	0
900	jmp	4194320	0	0	0
901	jmp	4194352	0	0	0
902	jmp	4194320	0	0	0
903	jmp	4194352	0	0	0
904	jmp	4194320	0	0	0
905	jmp	4194352	0	0	0
906	jmp	4194320	0	0	0
907	jmp	4194352	0	0	0
908	jmp	4194320	0	0	0
909	jmp	4194352	0	0	0
910	jmp	4194320	0	0	0
911	jmp	4194352	0	0	0
912	jmp	4194320	0	0	0
913	jmp	4194352	0	0	0
914	jmp	4194320	0	0	0
915	jmp	4194352	0	0	0
916	jmp	4194320	0	0	0
917	jmp	4194352	0	0	0
918	jmp	4194320	0	0	0
919	jmp	4194352	0	0	0
920	jmp	4194320	0	0	0
921	jmp	4194352	0	0	0
922	jmp	4194320	0	0	0
923	jmp	4194352	0	0	0
924	jmp	4194320	0	0	0
925	jmp	4194352	0	0	0
926	jmp	4194320	0	0	0
927	jmp	4194352	0	0	0
928	jmp	4194320	0	0	0
929	jmp	4194352	0	0	0
930	jmp	4194320	0	0	0
931	jmp	4194352	0	0	0
932	jmp	4194320	0	0	0
933	jmp	4194352	0	0	0
934	jmp	4194320	0	0	0
935	jmp	4194352	0	0	0
936	jmp	4194320	0	0	0
937	jmp	4194352	0	0	0
938	jmp	4194320	0	0	0
939	jmp	4194352	0	0	0
940	jmp	4194320	0	0	0
941	jmp	4194352	0	0	0
942	jmp	4194320	0	0	0
943	jmp	4194352	0	0	0
944	jmp	4194320	0	0	0
945	jmp	4194352	0	0	0
946	jmp	4194320	0	0	0
947	jmp	4194352	0	0	0
948	jmp	4194320	0	0	0
949	jmp	4194352	0	0	0
950	jmp	4194320	0	0	0
951	jmp	4194352	0	0	0
952	jmp	4194320	0	0	0
953	jmp	4194352	0	0	0
954	jmp	4194320	0	0	0
955	jmp	4194352	0	0	0
956	jmp	4194320	0	0	0
957	jmp	4194352	0	0	0
958	jmp	4194320	0	0	0
959	jmp	4194352	0	0	0
960	jmp	4194320	0	0	0
961	jmp	4194352	0	0	0
962	jmp	4194320	0	0	0
963	jmp	4194352	0	0	0
964	jmp	4194320	0	0	0
965	jmp	4194352	0	0	0
966	jmp	4194320	0	0	0
967	jmp	4194352	0	0	0
968	jmp	4194320	0	0	0
969	jmp	4194352	0	0	0
970	jmp	4194320	0	0	0
971	jmp	4194352	0	0	0
972	jmp	4194320	0	0	0
973	jmp	4194352	0	0	0
974	jmp	4194320	0	0	0
975	jmp	4194352	0	0	0
976	jmp	4194320	0	0	0
977	jmp	4194352	0	0	0
978	jmp	4194320	0	0	0
979	jmp	4194352	0	0	0
980	jmp	4194320	0	0	0
981	jmp	4194352	0	0	0
982	jmp	4194320	0	0	0
983	jmp	4194352	0	0	0
984	jmp	4194320	0	0	0
985	jmp	4194352	0	0	0
986	jmp	4194320	0	0	0
987	jmp	4194352	0	0	0
988	jmp	4194320	0	0	0
989	jmp	4194352	0	0	0
990	jmp	4194320	0	0	0
991	jmp	4194352	0	0	0
992	jmp	4194320	0	0	0
993	jmp	4194352	0	0	0
994	jmp	4194320	0	0	0
995	jmp	4194352	0	0	0
996	jmp	4194320	0	0	0
997	jmp	4194352	0	0	0
998	jmp	4194320	0	0	0
999	jmp	4194352	0	0	0
1000	jmp	4194320	0	0	0
1001	jmp	4194352	0	0	0
1002	jmp	4194320	0	0	0
1003	jmp	4194352	0	0	0
1004	jmp	4194320	0	0	0
1005	jmp	4194352	0	0	0
1006	jmp	4194320	0	0	0
1007	jmp	4194352	0	0	0
1008	jmp	4194320	0	0	0
1009	jmp	4194352	0	0	0
1010	jmp	4194320	0	0	0
1011	jmp	4194352	0	0	0
1012	jmp	4194320	0	0	0
1013	jmp	4194352	0	0	0
1014	jmp	4194320	0	0	0
1015	jmp	4194352	0	0	0
1016	jmp	4194320	0	0	0
1017	jmp	4194352	0	0	0
1018	jmp	4194320	0	0	0
1019	jmp	4194352	0	0	0
1020	jmp	4194320	0	0	0
1021	jmp	4194352	0	0	0
1022	jmp	4194320	0	0	0
1023	jmp	4194352	0	0	0
