application,path_mode,repetitions,paired_aggregate_included,nodes,edges,steps,edge_cap,ep_cap,raw24_successful_runs,raw24_attempted_runs,raw24_expected_runs,raw24_status,raw24_setup_ms,raw24_prove_ms,raw24_public_preflight_ms,raw24_verify_ms,raw24_proof_bytes,raw24_wall_ms,raw24_process_wall_ms,raw24_peak_rss_bytes,raw24_peak_memory_footprint_bytes,raw24_and_constraints,raw24_imul_constraints,raw24_bmul_constraints,raw64_successful_runs,raw64_attempted_runs,raw64_expected_runs,raw64_status,raw64_setup_ms,raw64_prove_ms,raw64_public_preflight_ms,raw64_verify_ms,raw64_proof_bytes,raw64_wall_ms,raw64_process_wall_ms,raw64_peak_rss_bytes,raw64_peak_memory_footprint_bytes,raw64_and_constraints,raw64_imul_constraints,raw64_bmul_constraints,wide_over_raw24_setup_ms,wide_over_raw24_prove_ms,wide_over_raw24_public_preflight_ms,wide_over_raw24_verify_ms,wide_over_raw24_proof_bytes,wide_over_raw24_wall_ms,wide_over_raw24_process_wall_ms,wide_over_raw24_peak_rss_bytes,wide_over_raw24_peak_memory_footprint_bytes
aha-mont64,complete,3,True,40,54,1177,64,2048,3,3,3,complete,616.955,202.678,0.411,156.158,542320,1016.4933749474585,1010.0,1024884736,955909296,130551,0,31733,3,3,3,complete,1163.354,563.487,0.447,134.176,625008,1932.4487500125542,1920.0,1656012800,1548486288,343533,0,81248,1.8856383366696112,2.780208014683389,1.0875912408759125,0.8592323159876535,1.1524708659094263,1.9010933053178438,1.900990099009901,1.615803945391182,1.6199092261992187
aha-mont64,shadow,3,True,40,54,115,64,128,3,3,3,complete,225.615,113.792,0.359,92.279,519664,448.59370798803866,440.0,674856960,652690344,14391,0,4853,3,3,3,complete,276.215,118.447,0.352,83.843,527184,496.8269580276683,490.0,725254144,699220976,35373,0,14048,1.2242758681825232,1.040907972440945,0.9805013927576601,0.9085815841090606,1.0144708888820468,1.1075210132927582,1.1136363636363635,1.0746783199805778,1.071290516900921
crc32,complete,3,True,21,23,3092,32,4096,3,3,3,complete,1034.066,316.421,0.443,221.239,580416,1639.9289579712786,1630.0,1793753088,1704298272,252961,0,58869,3,3,3,complete,2069.112,576.63,0.584,158.283,625104,2940.0062499917112,2930.0,2715533312,2591410720,667351,0,148128,2.000947715136171,1.8223506025200604,1.3182844243792324,0.7154389596770913,1.0769930532583527,1.7927643973240954,1.7975460122699387,1.5138835607679801,1.5205147846327218
crc32,shadow,3,True,21,23,23,32,32,3,3,3,complete,193.306,101.082,0.317,81.298,512080,390.02049999544397,380.0,534462464,532071192,7089,0,1973,3,3,3,complete,215.627,104.885,0.341,79.565,519632,411.85279097408056,400.0,652378112,632030120,15079,0,5888,1.1154697733127787,1.0376229200055402,1.0757097791798107,0.9786833624443405,1.0147476956725512,1.05597729088315,1.0526315789473684,1.2206247509273167,1.187867581449514
cubic,complete,3,True,56,80,401,128,512,3,3,3,complete,326.717,140.328,0.375,111.036,534736,594.0622090129182,590.0,813629440,783139872,41339,0,13301,3,3,3,complete,504.47,170.644,0.389,106.418,542256,815.5015000374988,810.0,935297024,866665624,107505,0,37088,1.5440580073886576,1.2160367139843795,1.0373333333333334,0.9584098850823157,1.0140630142724634,1.3727543810479372,1.3728813559322033,1.149536850583971,1.1066549603542597
cubic,shadow,3,True,56,80,401,128,512,3,3,3,complete,329.513,147.041,0.372,108.463,534736,601.7272919998504,590.0,814055424,783565856,41339,0,13301,3,3,3,complete,498.593,184.255,0.385,116.562,542256,831.1227500089444,820.0,934707200,866403480,107505,0,37088,1.5131208783871959,1.2530858740079298,1.0349462365591398,1.0746706250057623,1.0140630142724634,1.3812282757637508,1.3898305084745763,1.1482107635953789,1.1057187770060262
edn,complete,3,True,67,88,4396,128,8192,3,3,3,complete,1798.685,595.611,0.57,163.512,625136,2683.776125020813,2680.0,2418409472,2293598416,505979,0,120821,3,3,3,complete,4134.551,1763.904,0.903,242.847,671392,6411.006417009048,6400.0,5170446336,4914286984,1340145,0,305888,2.2986520708184037,2.961503397351627,1.5842105263157897,1.4851937472479084,1.0739934990146145,2.3888007487805374,2.388059701492537,2.137953227467346,2.1426100357055704
edn,shadow,3,True,67,88,140,128,256,3,3,3,complete,262.972,130.428,0.352,98.901,527216,511.4410410169512,500.0,750747648,724337648,25851,0,9717,3,3,3,complete,379.7,138.665,0.368,102.683,534736,650.2696659881622,640.0,835420160,811746360,66417,0,28128,1.4438799568014846,1.063153617321434,1.0454545454545454,1.0382402604624827,1.0142636035325179,1.271446000295877,1.28,1.1127842521059752,1.1206739871127063
huffbench,complete,3,True,112,151,7668,256,8192,3,3,3,complete,1928.572,585.823,0.564,151.804,625136,2796.446749998722,2790.0,2346680320,2221820064,513374,0,126965,3,3,3,complete,4270.481,5804.799,0.866,242.397,721936,10600.517834012862,10590.0,5255659520,4999533008,1361108,0,325088,2.2143228253858296,9.908793270322265,1.5354609929078016,1.5967761060314616,1.1548463054439353,3.7907097047414564,3.795698924731183,2.2396146058786566,2.2501970744648023
huffbench,shadow,3,True,112,151,1442,256,2048,3,3,3,complete,656.941,189.865,0.395,157.887,542384,1048.215875052847,1040.0,1052213248,982156536,141662,0,40949,3,3,3,complete,1290.777,544.405,0.496,148.961,625008,2071.0325419786386,2060.0,1739964416,1612220096,374996,0,110048,1.9648294139047495,2.8673267848207935,1.2556962025316456,0.943465896495595,1.1523348771350188,1.9757691056474653,1.9807692307692308,1.653623368938993,1.6415103264150146
matmult-int,complete,3,True,32,42,38,64,64,3,3,3,complete,207.481,111.029,0.366,79.938,519600,412.954792031087,410.0,672464896,649905064,10519,0,3957,3,3,3,complete,254.079,120.705,0.332,82.129,527152,474.655540951062,470.0,686784512,663421912,25101,0,11808,1.2245892394966287,1.0871484026695728,0.9071038251366121,1.0274087417748756,1.0145342571208622,1.149412841576446,1.146341463414634,1.0212942208361757,1.020798188456645
matmult-int,shadow,3,True,32,42,37,64,64,3,3,3,complete,207.364,106.797,0.348,80.687,519600,409.5054999925196,400.0,672317440,649790352,10519,0,3957,3,3,3,complete,248.702,120.604,0.358,86.257,527152,471.5339160175063,460.0,714522624,687145920,25101,0,11808,1.1993499353793329,1.1292826577525585,1.028735632183908,1.0690321861018504,1.0145342571208622,1.151471508993456,1.15,1.0627756792981602,1.0574886467381712
md5sum,complete,3,True,62,81,7230,128,8192,3,3,3,complete,1796.878,574.8,0.545,158.677,625136,2644.459375005681,2640.0,2419703808,2294892752,505979,0,120821,3,3,3,complete,4084.064,1733.566,0.861,239.641,671392,6329.277792014182,6320.0,5178621952,4922282352,1340145,0,305888,2.272866605300972,3.0159464161447462,1.5798165137614677,1.5102440807426407,1.0739934990146145,2.3934108619084324,2.393939393939394,2.1401883713529286,2.144885571541515
md5sum,shadow,3,True,62,81,441,128,512,3,3,3,complete,318.918,137.909,0.393,108.567,534736,588.233707996551,580.0,813252608,782763040,41339,0,13301,3,3,3,complete,497.129,172.525,0.368,103.162,542256,811.1982090049423,800.0,934641664,866288768,107505,0,37088,1.5587988134881068,1.2510060982241915,0.9363867684478371,0.950215074562252,1.0140630142724634,1.3790406737617606,1.3793103448275863,1.1492636541289765,1.1067062747367327
minver,complete,3,True,86,115,352,128,512,3,3,3,complete,325.231,144.857,0.364,108.54,534736,604.9157080124132,600.0,813334528,782844960,41339,0,13301,3,3,3,complete,501.319,165.012,0.369,105.61,542256,808.8973749545403,800.0,934281216,865977472,107505,0,37088,1.5414244029628172,1.1391372180840416,1.0137362637362637,0.9730053436521098,1.0140630142724634,1.3372067616037857,1.3333333333333333,1.148704725836993,1.106192817540781
minver,shadow,3,True,86,115,224,128,256,3,3,3,complete,267.699,140.29,0.362,108.723,527216,560.0050830398686,550.0,731906048,710443992,25851,0,9717,3,3,3,complete,382.932,132.12,0.392,95.163,534736,660.4392500012182,640.0,833798144,810124344,66417,0,28128,1.4304573420147255,0.9417634899137501,1.0828729281767957,0.8752793797080655,1.0142636035325179,1.1793450988268963,1.1636363636363636,1.1392147206303724,1.1403071221974665
nbody,complete,3,True,40,50,176,64,256,3,3,3,complete,253.411,122.977,0.343,93.649,527184,486.6968750138767,480.0,723812352,701252568,22135,0,6645,3,3,3,complete,362.637,139.496,0.355,99.726,534704,630.6656249798834,620.0,809844736,772064312,55917,0,18528,1.431023120543307,1.1343259308651212,1.0349854227405246,1.0648912428322779,1.014264469331391,1.295807837192096,1.2916666666666667,1.118860066096247,1.1009789442938624
nbody,shadow,3,True,40,50,80,64,128,3,3,3,complete,239.907,109.585,0.335,90.802,519664,463.0415420397185,460.0,675135488,651838376,14391,0,4853,3,3,3,complete,271.207,124.068,0.383,87.857,527184,540.3564169537276,530.0,725106688,699073520,35373,0,14048,1.1304672227154688,1.1321622484829128,1.1432835820895522,0.9675667936829584,1.0144708888820468,1.1669717895578735,1.1521739130434783,1.0740165505860655,1.0724645030718474
nettle-aes,complete,3,True,84,114,1854,128,2048,3,3,3,complete,622.535,200.887,0.387,153.234,542384,1017.4175829743035,1010.0,1014382592,945800416,134267,0,34805,3,3,3,complete,1238.771,558.105,0.494,133.292,625008,2010.3794999886304,2000.0,1684078592,1595819736,354033,0,90848,1.9898816933987649,2.7782036667380168,1.276485788113695,0.8698591696359815,1.1523348771350188,1.9759630004737256,1.9801980198019802,1.6602006040734578,1.687269014692419
nettle-aes,shadow,3,True,84,114,190,128,256,3,3,3,complete,269.511,135.477,0.367,94.559,527216,518.2880000211298,510.0,732430336,707003352,25851,0,9717,3,3,3,complete,381.001,138.279,0.388,96.747,534736,645.7541250274517,640.0,833208320,809534520,66417,0,28128,1.4136751375639582,1.0206824774685002,1.0572207084468666,1.023138992586639,1.0142636035325179,1.2459368632905359,1.2549019607843137,1.1375939513242663,1.145022180884936
nettle-sha256,complete,3,True,63,85,116,128,128,3,3,3,complete,243.365,115.709,0.358,90.904,527152,467.21199998864904,460.0,701906944,679986112,18107,0,7925,3,3,3,complete,316.514,125.044,0.337,90.885,534672,553.2365000108257,550.0,775651328,740312072,45873,0,23648,1.3005732130750107,1.080676524730142,0.9413407821229052,0.9997909882953446,1.014265335235378,1.1841230533981717,1.1956521739130435,1.105062907028314,1.0887164589620324
nettle-sha256,shadow,3,True,63,85,59,128,64,3,3,3,complete,215.103,107.395,0.345,79.213,519632,413.38758397614583,410.0,654770176,631440296,14235,0,7029,3,3,3,complete,294.818,122.943,0.35,84.433,534672,525.1657500048168,520.0,756596736,725697568,35601,0,21408,1.370589903441607,1.1447739652684017,1.0144927536231885,1.0658982742731624,1.0289435600578871,1.270395557006185,1.2682926829268293,1.1555149634671205,1.1492734508663667
nsichneu,complete,3,True,780,1417,661,2048,1024,3,3,3,complete,824.474,263.71,0.455,136.452,580352,1286.0407499829307,1280.0,1257619456,1197016504,178662,0,112629,3,3,3,complete,1965.666,1618.072,0.592,145.16,671232,3882.640208990779,3880.0,2608349184,2304412072,499548,0,343008,2.3841455279365995,6.135800690152061,1.301098901098901,1.0638173130478117,1.156594618438465,3.0190646828588537,3.03125,2.074036920751964,1.9251297407341343
nsichneu,shadow,3,True,780,1417,653,2048,1024,3,3,3,complete,817.804,263.185,0.439,132.342,580352,1272.6199579774402,1270.0,1259175936,1198589368,178662,0,112629,3,3,3,complete,1949.191,1635.224,0.537,138.197,671232,3867.4100829521194,3860.0,2607153152,2304625040,499548,0,343008,2.3834451775731105,6.213211239242358,1.2232346241457859,1.0442414350697435,1.156594618438465,3.038935590086571,3.0393700787401574,2.070523329950295,1.92278114717934
picojpeg,complete,1,False,541,892,137169,1024,262144,1,1,1,complete,76594.194,331856.345,8.615,793.868,873344,416820.29129198054,416800.0,17196154880,38719979584,15925086,0,3747829,0,1,1,complete_with_failures,,,,,,,,,,,,,,,,,,,,,
picojpeg,shadow,3,True,541,892,29375,1024,32768,3,3,3,complete,7427.633,5936.433,1.578,216.887,722032,14406.012916995678,14400.0,8077279232,7553751376,2045606,0,524277,3,3,3,complete,18480.577,85737.994,2.938,244.115,819568,112155.37625004072,105460.0,18943344640,17887754424,5432348,0,1349600,2.488084292802297,14.442678625363078,1.8618504435994931,1.1255400277563894,1.1350854255767058,7.785316929552658,7.323611111111111,2.345263063947521,2.3680623750516197
primecount,complete,3,True,32,40,1898,64,2048,3,3,3,complete,635.51,219.351,0.406,168.733,542320,1066.651000001002,1060.0,1022935040,953287856,130551,0,31733,3,3,3,complete,1224.362,574.358,0.467,148.597,625008,2053.1315419939347,2050.0,1656897536,1548486288,343533,0,81248,1.9265818004437383,2.6184425874511623,1.1502463054187193,0.8806635335115242,1.1524708659094263,1.9248390916916647,1.9339622641509433,1.6197485384800192,1.6243638039169566
primecount,shadow,3,True,32,40,1141,64,2048,3,3,3,complete,635.473,217.24,0.381,171.059,542320,1062.6800829777494,1050.0,1022083072,952779952,130551,0,31733,3,3,3,complete,1212.945,564.524,0.472,154.204,625008,2038.3220419753343,2029.9999999999998,1656782848,1549076136,343533,0,81248,1.908727829506525,2.5986190388510404,1.2388451443569553,0.9014667453919408,1.1524708659094263,1.9180956476230608,1.9333333333333331,1.6209864867031083,1.6258487940980522
sglib-combined,complete,3,True,304,446,31758,512,32768,3,3,3,complete,7262.718,5965.552,1.273,223.197,722032,14214.971708017401,14210.0,7989624832,7466162440,2015846,0,491509,3,3,3,complete,18958.049,22681.842,2.093,237.667,767520,42948.031625011936,42940.0,17750016000,16693523896,5348316,0,1248224,2.6103242615230275,3.8021363320611408,1.6441476826394346,1.0648306204832503,1.0629999778403174,3.0213237498593664,3.0218156228008444,2.2216332272458823,2.235890798004122
sglib-combined,shadow,3,True,304,446,13971,512,16384,3,3,3,complete,3763.492,1711.487,0.884,185.891,671392,5903.27420795802,5900.0,4373086208,4116614864,1023126,0,253941,3,3,3,complete,9441.618,22125.897,1.417,196.212,767424,32391.034165979363,32380.000000000004,9847209984,9323175664,2717196,0,650208,2.5087386926822215,12.92787908993758,1.6029411764705883,1.055521784271428,1.1430341737762737,5.486960799197506,5.488135593220339,2.251775866203093,2.264767526719983
slre,complete,3,True,250,376,2337,512,4096,3,3,3,complete,1231.694,344.136,0.48,244.415,580480,1908.8422500062734,1900.0,1822900224,1675314952,279702,0,81909,3,3,3,complete,2563.835,1667.265,0.716,179.785,671264,4576.409374945797,4570.0,3246620672,3123170136,744972,0,220128,2.0815519114325474,4.844785201199525,1.4916666666666667,0.7355726939835935,1.1563947078280044,2.3974790870910136,2.405263157894737,1.781019404822894,1.8642286528103522
slre,shadow,3,True,250,376,651,512,1024,3,3,3,complete,523.148,185.445,0.369,148.558,542320,893.6240000184625,890.0,960724992,891339952,93846,0,38901,3,3,3,complete,1014.923,260.725,0.451,121.845,580320,1474.118250014726,1470.0,1363820544,1218692560,251916,0,112608,1.9400303546988613,1.4059424627247974,1.2222222222222223,0.8201847090025445,1.0700693317598466,1.649595635283151,1.651685393258427,1.41957433746035,1.3672589871748506
st,complete,3,True,44,56,1147,64,2048,3,3,3,complete,660.941,219.67,0.426,175.241,542320,1098.7107919645496,1090.0,1023688704,954205360,130551,0,31733,3,3,3,complete,1200.376,568.084,0.516,142.8,625008,1991.1459580180235,1980.0,1657356288,1549534840,343533,0,81248,1.8161621082668498,2.586079118678017,1.211267605633803,0.8148777968626063,1.1524708659094263,1.8122566671596585,1.81651376146789,1.61900417726989,1.6239007921732906
st,shadow,3,True,44,56,58,64,64,3,3,3,complete,210.918,120.4,0.394,83.357,519600,434.75570797454566,430.0,672645120,650085288,10519,0,3957,3,3,3,complete,255.298,119.591,0.392,88.502,527152,487.94275004183874,480.0,714178560,686801856,25101,0,11808,1.210413525635555,0.9932807308970099,0.9949238578680203,1.0617224708182875,1.0145342571208622,1.122337765995259,1.1162790697674418,1.061746437705517,1.0564796168714403
statemate,complete,3,True,354,531,232,1024,256,3,3,3,complete,479.442,172.509,0.388,114.883,542256,810.5629999772646,800.0,952434688,925009048,75654,0,52725,3,3,3,complete,972.78,264.56,0.504,125.966,580352,1439.1755829565227,1430.0,1394737152,1335805392,211196,0,162528,2.0289836935437444,1.533601145447484,1.2989690721649485,1.0964720628813662,1.070254639874893,1.7755258789222923,1.7875,1.464391385123512,1.4440998116593557
statemate,shadow,3,True,354,531,106,1024,128,3,3,3,complete,430.799,163.784,0.373,105.463,542224,736.1223330372013,730.0,913309696,886883504,67910,0,50933,3,3,3,complete,953.721,255.401,0.441,125.958,580352,1414.6289170021191,1410.0,1337425920,1273578960,190652,0,158048,2.2138421862631996,1.559376984320813,1.1823056300268098,1.1943335577406295,1.070317802236714,1.9217307416356137,1.9315068493150684,1.4643728473019517,1.4360160655327738
tarfind,complete,3,True,44,57,3185,64,4096,3,3,3,complete,1080.477,335.298,0.447,232.441,580416,1720.2688330435194,1710.0,1851785216,1709000480,254455,0,60405,3,3,3,complete,2209.367,610.224,0.568,181.78,625104,3152.9451250098646,3150.0,2603089920,2478918056,672237,0,152928,2.044807062066106,1.8199452427392948,1.2706935123042504,0.782047917536063,1.0769930532583527,1.8328211640221592,1.8421052631578947,1.4057191392978483,1.4505075247257977
tarfind,shadow,3,True,44,57,294,64,512,3,3,3,complete,315.774,134.471,0.354,111.047,527280,586.9438330410048,580.0,787562496,758924272,37623,0,10229,3,3,3,complete,475.601,175.76,0.377,112.133,542224,800.2132499823347,790.0,910835712,841696336,97005,0,27488,1.5061436343714176,1.3070476162146485,1.0649717514124295,1.0097796428539267,1.02834167804582,1.3633557504750722,1.3620689655172413,1.1565249953192287,1.1090649845496048
ud,complete,3,True,54,71,413,128,512,3,3,3,complete,332.386,144.148,0.38,115.928,534736,620.1283750124276,610.0,812564480,782074912,41339,0,13301,3,3,3,complete,511.387,174.903,0.402,112.687,542256,836.4065840141848,830.0,935477248,866698392,107505,0,37088,1.5385335122417911,1.213357105197436,1.0578947368421052,0.9720429922020565,1.0140630142724634,1.348763607208625,1.360655737704918,1.1512652485129549,1.1082038033717159
ud,shadow,3,True,54,71,228,128,256,3,3,3,complete,283.044,130.385,0.388,100.76,527216,543.1652080151252,540.0,732594176,710558680,25851,0,9717,3,3,3,complete,386.221,138.158,0.373,101.573,534736,654.6298330067657,650.0,835059712,811385912,66417,0,28128,1.3645263633922642,1.0596157533458603,0.9613402061855669,1.008068678046844,1.0142636035325179,1.205213116279967,1.2037037037037037,1.1398667084134724,1.1418985297597097
wikisort,complete,1,True,325,481,125806,512,131072,1,1,1,complete,28002.998,84209.752,5.249,330.184,819664,114412.87170903524,114410.0,20318846976,24900177792,7963982,0,1871861,1,1,1,complete,94940.755,366395.959,23.397,837.986,873344,476733.07133297203,476720.0,23898112000,48244564240,21126852,0,4701152,3.390378237358729,4.350992020496628,4.457420461040198,2.537936423327599,1.0654902496632768,4.16677830222947,4.166768639104974,1.176154927896633,1.9375188660500309
wikisort,shadow,3,True,325,481,10730,512,16384,3,3,3,complete,3765.112,1720.052,0.629,193.159,671392,5923.976082995068,5920.0,4371660800,4114108112,1023126,0,253941,3,3,3,complete,8982.103,21917.731,1.334,194.512,767424,31530.83662496647,31520.0,9855483904,9331449584,2717196,0,650208,2.3856137612905006,12.742481622648619,2.1208267090620034,1.0070045920718165,1.1430341737762737,5.32258000086742,5.324324324324325,2.2544026983978265,2.2681585728829288
