application,backend,status,verified,rows,edges,n,attempted,warmups,setup_s,prove_s,verify_ms,proof_bytes,proof_KiB,peak_rss_bytes,rss_GB,samples,proof_bits_accounting,failures,failure_type,failure_stage,returncode,failed_attempt_peak_rss_bytes,rss_is_lower_bound
aha-mont64,binius,verified,True,226,54,3,4,1,0.245389917,0.15708775,120.916584,527184.0,514.828125,707444736,0.707444736,"[{""crypto_prove_ms"": 157.08775, ""peak_rss_bytes"": 703741952, ""proof_bytes"": 527184.0, ""setup_ms"": 244.208125, ""verify_ms"": 137.42304099999998}, {""crypto_prove_ms"": 165.962042, ""peak_rss_bytes"": 705380352, ""proof_bytes"": 527184.0, ""setup_ms"": 245.38991700000003, ""verify_ms"": 120.916584}, {""crypto_prove_ms"": 144.669917, ""peak_rss_bytes"": 707444736, ""proof_bytes"": 527184.0, ""setup_ms"": 250.35379200000003, ""verify_ms"": 116.04920800000001}]",,,,,,,
aha-mont64,zekra,verified,True,226,54,3,4,1,3.116,1.4215,4.8999999999999995,,,1158807552,1.158807552,"[{""peak_rss_bytes"": 1154871296, ""proof_bits_accounting"": 1019, ""prove_s"": 1.4133, ""setup_s"": 3.2582, ""verify_s"": 0.0049}, {""peak_rss_bytes"": 1158807552, ""proof_bits_accounting"": 1019, ""prove_s"": 1.5385, ""setup_s"": 3.116, ""verify_s"": 0.0049}, {""peak_rss_bytes"": 1155653632, ""proof_bits_accounting"": 1019, ""prove_s"": 1.4215, ""setup_s"": 3.0495, ""verify_s"": 0.0048}]",1019,,,,,,
crc32,binius,verified,True,26,23,3,4,1,0.178303584,0.127094583,97.64904200000001,512080.0,500.078125,599867392,0.599867392,"[{""crypto_prove_ms"": 121.609875, ""peak_rss_bytes"": 599867392, ""proof_bytes"": 512080.0, ""setup_ms"": 176.56945900000002, ""verify_ms"": 89.900167}, {""crypto_prove_ms"": 151.62258400000002, ""peak_rss_bytes"": 598687744, ""proof_bytes"": 512080.0, ""setup_ms"": 178.303584, ""verify_ms"": 151.895}, {""crypto_prove_ms"": 127.09458300000001, ""peak_rss_bytes"": 597639168, ""proof_bytes"": 512080.0, ""setup_ms"": 186.67612499999998, ""verify_ms"": 97.64904200000001}]",,,,,,,
crc32,zekra,verified,True,26,23,3,4,1,0.5185,0.2739,4.8,,,108253184,0.108253184,"[{""peak_rss_bytes"": 108253184, ""proof_bits_accounting"": 1019, ""prove_s"": 0.2792, ""setup_s"": 0.5146, ""verify_s"": 0.0047}, {""peak_rss_bytes"": 108044288, ""proof_bits_accounting"": 1019, ""prove_s"": 0.27, ""setup_s"": 0.5636, ""verify_s"": 0.0052}, {""peak_rss_bytes"": 108027904, ""proof_bits_accounting"": 1019, ""prove_s"": 0.2739, ""setup_s"": 0.5185, ""verify_s"": 0.0048}]",1019,,,,,,
cubic,binius,verified,True,401,80,3,4,1,0.298817375,0.155658417,117.889209,534736.0,522.203125,823934976,0.823934976,"[{""crypto_prove_ms"": 155.658417, ""peak_rss_bytes"": 822886400, ""proof_bytes"": 534736.0, ""setup_ms"": 302.14466699999997, ""verify_ms"": 117.889209}, {""crypto_prove_ms"": 157.427708, ""peak_rss_bytes"": 823934976, ""proof_bytes"": 534736.0, ""setup_ms"": 294.788375, ""verify_ms"": 111.135375}, {""crypto_prove_ms"": 150.222959, ""peak_rss_bytes"": 823443456, ""proof_bytes"": 534736.0, ""setup_ms"": 298.81737499999997, ""verify_ms"": 126.16166700000001}]",,,,,,,
cubic,zekra,verified,True,401,80,3,4,1,6.5076,2.6251,4.8,,,3105714176,3.105714176,"[{""peak_rss_bytes"": 3105673216, ""proof_bits_accounting"": 1019, ""prove_s"": 2.6251, ""setup_s"": 6.4979, ""verify_s"": 0.0048}, {""peak_rss_bytes"": 3105714176, ""proof_bits_accounting"": 1019, ""prove_s"": 2.6034, ""setup_s"": 6.5076, ""verify_s"": 0.0049}, {""peak_rss_bytes"": 3105009664, ""proof_bits_accounting"": 1019, ""prove_s"": 2.6586, ""setup_s"": 6.9059, ""verify_s"": 0.0048}]",1019,,,,,,
edn,binius,verified,True,228,88,3,4,1,0.257906708,0.13434699999999997,117.76637500000001,527216.0,514.859375,731299840,0.73129984,"[{""crypto_prove_ms"": 131.619, ""peak_rss_bytes"": 730644480, ""proof_bytes"": 527216.0, ""setup_ms"": 257.906708, ""verify_ms"": 111.89437500000001}, {""crypto_prove_ms"": 157.25966699999998, ""peak_rss_bytes"": 731299840, ""proof_bytes"": 527216.0, ""setup_ms"": 282.527042, ""verify_ms"": 118.839792}, {""crypto_prove_ms"": 134.34699999999998, ""peak_rss_bytes"": 711114752, ""proof_bytes"": 527216.0, ""setup_ms"": 246.69666700000002, ""verify_ms"": 117.76637500000001}]",,,,,,,
edn,zekra,verified,True,228,88,3,4,1,3.24,1.4881,4.8999999999999995,,,1273868288,1.273868288,"[{""peak_rss_bytes"": 1273868288, ""proof_bits_accounting"": 1019, ""prove_s"": 1.4925, ""setup_s"": 3.2011, ""verify_s"": 0.0044}, {""peak_rss_bytes"": 1272942592, ""proof_bits_accounting"": 1019, ""prove_s"": 1.4426, ""setup_s"": 3.24, ""verify_s"": 0.0049}, {""peak_rss_bytes"": 1273556992, ""proof_bits_accounting"": 1019, ""prove_s"": 1.4881, ""setup_s"": 3.3608, ""verify_s"": 0.0074}]",1019,,,,,,
huffbench,binius,verified,True,2803,151,3,4,1,1.1149627500000001,0.330394209,234.314458,580480.0,566.875,1797144576,1.797144576,"[{""crypto_prove_ms"": 335.120291, ""peak_rss_bytes"": 1797144576, ""proof_bytes"": 580480.0, ""setup_ms"": 1132.1279579999998, ""verify_ms"": 242.207167}, {""crypto_prove_ms"": 314.612834, ""peak_rss_bytes"": 1795686400, ""proof_bytes"": 580480.0, ""setup_ms"": 1114.9627500000001, ""verify_ms"": 233.924208}, {""crypto_prove_ms"": 330.394209, ""peak_rss_bytes"": 1794326528, ""proof_bytes"": 580480.0, ""setup_ms"": 1046.39175, ""verify_ms"": 234.314458}]",,,,,,,
huffbench,zekra,resource-stop-cgroup-oom,False,2803,151,0,1,1,,,,,,,,,,"[{""failed_attempt_peak_rss_bytes"": 19285983232, ""failure_stage"": ""huffbench:native-1/4"", ""failure_type"": ""cgroup-oom"", ""returncode"": 137, ""rss_is_lower_bound"": false}]",cgroup-oom,huffbench:native-1/4,137,19285983232,False
matmult-int,binius,verified,True,38,42,3,4,1,0.196086375,0.129846958,105.58375000000001,519600.0,507.421875,626655232,0.626655232,"[{""crypto_prove_ms"": 130.03816600000002, ""peak_rss_bytes"": 612253696, ""proof_bytes"": 519600.0, ""setup_ms"": 196.086375, ""verify_ms"": 110.432459}, {""crypto_prove_ms"": 129.846958, ""peak_rss_bytes"": 626655232, ""proof_bytes"": 519600.0, ""setup_ms"": 229.264084, ""verify_ms"": 98.269042}, {""crypto_prove_ms"": 123.58604199999999, ""peak_rss_bytes"": 625508352, ""proof_bytes"": 519600.0, ""setup_ms"": 194.402916, ""verify_ms"": 105.58375000000001}]",,,,,,,
matmult-int,zekra,verified,True,38,42,3,4,1,0.8349,0.4326,5.0,,,202178560,0.20217856,"[{""peak_rss_bytes"": 201457664, ""proof_bits_accounting"": 1019, ""prove_s"": 0.4249, ""setup_s"": 0.8271, ""verify_s"": 0.0048}, {""peak_rss_bytes"": 202178560, ""proof_bits_accounting"": 1019, ""prove_s"": 0.4326, ""setup_s"": 0.8349, ""verify_s"": 0.005}, {""peak_rss_bytes"": 200421376, ""proof_bits_accounting"": 1019, ""prove_s"": 0.4422, ""setup_s"": 0.8435, ""verify_s"": 0.0054}]",1019,,,,,,
md5sum,binius,verified,True,828,81,3,4,1,0.4074855,0.166585167,141.552709,534832.0,522.296875,924286976,0.924286976,"[{""crypto_prove_ms"": 158.039667, ""peak_rss_bytes"": 924286976, ""proof_bytes"": 534832.0, ""setup_ms"": 407.515042, ""verify_ms"": 144.900417}, {""crypto_prove_ms"": 168.13275, ""peak_rss_bytes"": 921518080, ""proof_bytes"": 534832.0, ""setup_ms"": 407.4855, ""verify_ms"": 138.634208}, {""crypto_prove_ms"": 166.585167, ""peak_rss_bytes"": 921452544, ""proof_bytes"": 534832.0, ""setup_ms"": 399.169667, ""verify_ms"": 141.552709}]",,,,,,,
md5sum,zekra,verified,True,828,81,3,4,1,11.9578,5.6551,5.0,,,8981602304,8.981602304,"[{""peak_rss_bytes"": 8981549056, ""proof_bits_accounting"": 1019, ""prove_s"": 5.6551, ""setup_s"": 11.7798, ""verify_s"": 0.0055}, {""peak_rss_bytes"": 8981532672, ""proof_bits_accounting"": 1019, ""prove_s"": 5.6407, ""setup_s"": 12.0117, ""verify_s"": 0.005}, {""peak_rss_bytes"": 8981602304, ""proof_bits_accounting"": 1019, ""prove_s"": 5.7476, ""setup_s"": 11.9578, ""verify_s"": 0.005}]",1019,,,,,,
minver,binius,verified,True,300,115,3,4,1,0.325572833,0.158345708,126.53220900000001,534736.0,522.203125,824901632,0.824901632,"[{""crypto_prove_ms"": 165.093417, ""peak_rss_bytes"": 824901632, ""proof_bytes"": 534736.0, ""setup_ms"": 349.879791, ""verify_ms"": 126.53220900000001}, {""crypto_prove_ms"": 158.345708, ""peak_rss_bytes"": 822624256, ""proof_bytes"": 534736.0, ""setup_ms"": 325.572833, ""verify_ms"": 132.61141600000002}, {""crypto_prove_ms"": 150.963041, ""peak_rss_bytes"": 822640640, ""proof_bytes"": 534736.0, ""setup_ms"": 309.773834, ""verify_ms"": 115.985833}]",,,,,,,
minver,zekra,verified,True,300,115,3,4,1,6.6578,2.7052,5.1000000000000005,,,3292016640,3.29201664,"[{""peak_rss_bytes"": 3291897856, ""proof_bits_accounting"": 1019, ""prove_s"": 2.714, ""setup_s"": 6.6578, ""verify_s"": 0.0051}, {""peak_rss_bytes"": 3291922432, ""proof_bits_accounting"": 1019, ""prove_s"": 2.6951, ""setup_s"": 6.6168, ""verify_s"": 0.0049}, {""peak_rss_bytes"": 3292016640, ""proof_bits_accounting"": 1019, ""prove_s"": 2.7052, ""setup_s"": 6.6805, ""verify_s"": 0.0053}]",1019,,,,,,
nbody,binius,verified,True,110,50,3,4,1,0.20963725,0.125580667,103.073584,519664.0,507.484375,663683072,0.663683072,"[{""crypto_prove_ms"": 125.580667, ""peak_rss_bytes"": 663633920, ""proof_bytes"": 519664.0, ""setup_ms"": 208.823083, ""verify_ms"": 109.653}, {""crypto_prove_ms"": 121.382416, ""peak_rss_bytes"": 663683072, ""proof_bytes"": 519664.0, ""setup_ms"": 209.63725, ""verify_ms"": 103.073584}, {""crypto_prove_ms"": 128.253083, ""peak_rss_bytes"": 663191552, ""proof_bytes"": 519664.0, ""setup_ms"": 213.151875, ""verify_ms"": 90.729084}]",,,,,,,
nbody,zekra,verified,True,110,50,3,4,1,1.7187,0.802,4.8999999999999995,,,490426368,0.490426368,"[{""peak_rss_bytes"": 490004480, ""proof_bits_accounting"": 1019, ""prove_s"": 0.8142, ""setup_s"": 1.7187, ""verify_s"": 0.005}, {""peak_rss_bytes"": 490426368, ""proof_bits_accounting"": 1019, ""prove_s"": 0.802, ""setup_s"": 1.8747, ""verify_s"": 0.0048}, {""peak_rss_bytes"": 487690240, ""proof_bits_accounting"": 1019, ""prove_s"": 0.7892, ""setup_s"": 1.7082, ""verify_s"": 0.0049}]",1019,,,,,,
nettle-aes,binius,verified,True,323,114,3,4,1,0.344937084,0.151421292,126.306333,534736.0,522.203125,834895872,0.834895872,"[{""crypto_prove_ms"": 153.943584, ""peak_rss_bytes"": 823181312, ""proof_bytes"": 534736.0, ""setup_ms"": 322.566542, ""verify_ms"": 137.93275}, {""crypto_prove_ms"": 149.40775, ""peak_rss_bytes"": 822280192, ""proof_bytes"": 534736.0, ""setup_ms"": 367.5265, ""verify_ms"": 126.306333}, {""crypto_prove_ms"": 151.42129200000002, ""peak_rss_bytes"": 834895872, ""proof_bytes"": 534736.0, ""setup_ms"": 344.937084, ""verify_ms"": 124.22875}]",,,,,,,
nettle-aes,zekra,verified,True,323,114,3,4,1,6.8222,2.724,4.8,,,3293073408,3.293073408,"[{""peak_rss_bytes"": 3292205056, ""proof_bits_accounting"": 1019, ""prove_s"": 2.7752, ""setup_s"": 6.8222, ""verify_s"": 0.0048}, {""peak_rss_bytes"": 3293073408, ""proof_bits_accounting"": 1019, ""prove_s"": 2.7003, ""setup_s"": 6.5196, ""verify_s"": 0.0049}, {""peak_rss_bytes"": 3292364800, ""proof_bits_accounting"": 1019, ""prove_s"": 2.724, ""setup_s"": 6.8854, ""verify_s"": 0.0048}]",1019,,,,,,
nettle-sha256,binius,verified,True,68,85,3,4,1,0.226657333,0.12421000000000001,107.09825000000001,527152.0,514.796875,682115072,0.682115072,"[{""crypto_prove_ms"": 129.456291, ""peak_rss_bytes"": 682049536, ""proof_bytes"": 527152.0, ""setup_ms"": 226.657333, ""verify_ms"": 107.09825000000001}, {""crypto_prove_ms"": 120.631708, ""peak_rss_bytes"": 681443328, ""proof_bytes"": 527152.0, ""setup_ms"": 222.554167, ""verify_ms"": 104.020375}, {""crypto_prove_ms"": 124.21000000000001, ""peak_rss_bytes"": 682115072, ""proof_bytes"": 527152.0, ""setup_ms"": 231.151625, ""verify_ms"": 114.238583}]",,,,,,,
nettle-sha256,zekra,verified,True,68,85,3,4,1,1.7281,0.8168,4.8,,,490811392,0.490811392,"[{""peak_rss_bytes"": 490811392, ""proof_bits_accounting"": 1019, ""prove_s"": 0.9423, ""setup_s"": 1.7429, ""verify_s"": 0.0048}, {""peak_rss_bytes"": 489230336, ""proof_bits_accounting"": 1019, ""prove_s"": 0.8168, ""setup_s"": 1.7281, ""verify_s"": 0.0052}, {""peak_rss_bytes"": 489721856, ""proof_bits_accounting"": 1019, ""prove_s"": 0.7912, ""setup_s"": 1.7265, ""verify_s"": 0.0047}]",1019,,,,,,
nsichneu,binius,verified,True,657,1417,3,4,1,0.791929125,0.262699208,146.59225,580352.0,566.75,1221328896,1.221328896,"[{""crypto_prove_ms"": 257.769542, ""peak_rss_bytes"": 1216921600, ""proof_bytes"": 580352.0, ""setup_ms"": 791.929125, ""verify_ms"": 149.52254200000002}, {""crypto_prove_ms"": 267.00770800000004, ""peak_rss_bytes"": 1219149824, ""proof_bytes"": 580352.0, ""setup_ms"": 777.7200829999999, ""verify_ms"": 142.7725}, {""crypto_prove_ms"": 262.699208, ""peak_rss_bytes"": 1221328896, ""proof_bytes"": 580352.0, ""setup_ms"": 796.473709, ""verify_ms"": 146.59225}]",,,,,,,
nsichneu,zekra,verified,True,657,1417,3,4,1,17.7523,8.8668,5.1000000000000005,,,12472971264,12.472971264,"[{""peak_rss_bytes"": 12470964224, ""proof_bits_accounting"": 1019, ""prove_s"": 8.659, ""setup_s"": 17.5115, ""verify_s"": 0.0051}, {""peak_rss_bytes"": 12472119296, ""proof_bits_accounting"": 1019, ""prove_s"": 8.8668, ""setup_s"": 17.7523, ""verify_s"": 0.0053}, {""peak_rss_bytes"": 12472971264, ""proof_bits_accounting"": 1019, ""prove_s"": 8.9187, ""setup_s"": 18.0955, ""verify_s"": 0.005}]",1019,,,,,,
picojpeg,binius,verified,True,34334,892,3,4,1,13.7734005,23.033999625,449.788042,767520.0,749.53125,9448112128,9.448112128,"[{""crypto_prove_ms"": 23033.999625, ""peak_rss_bytes"": 8795357184, ""proof_bytes"": 767520.0, ""setup_ms"": 14182.201334, ""verify_ms"": 373.009208}, {""crypto_prove_ms"": 22817.355792000002, ""peak_rss_bytes"": 9448112128, ""proof_bytes"": 767520.0, ""setup_ms"": 13652.694167, ""verify_ms"": 480.262083}, {""crypto_prove_ms"": 23473.246082999998, ""peak_rss_bytes"": 9260515328, ""proof_bytes"": 767520.0, ""setup_ms"": 13773.4005, ""verify_ms"": 449.788042}]",,,,,,,
picojpeg,zekra,compile-failed,False,34334,892,0,0,0,,,,,,,,,,"[{""failed_attempt_peak_rss_bytes"": 12517244928, ""failure_stage"": ""picojpeg:compile"", ""failure_type"": ""java-heap-oom"", ""returncode"": 0, ""rss_is_lower_bound"": false}]",java-heap-oom,picojpeg:compile,0,12517244928,False
primecount,binius,verified,True,1449,40,3,4,1,0.586904958,0.220037083,170.33404199999998,542320.0,529.609375,1033355264,1.033355264,"[{""crypto_prove_ms"": 222.508958, ""peak_rss_bytes"": 1033355264, ""proof_bytes"": 542320.0, ""setup_ms"": 589.684125, ""verify_ms"": 247.592125}, {""crypto_prove_ms"": 209.00175, ""peak_rss_bytes"": 961642496, ""proof_bytes"": 542320.0, ""setup_ms"": 585.850792, ""verify_ms"": 167.75125}, {""crypto_prove_ms"": 220.037083, ""peak_rss_bytes"": 961003520, ""proof_bytes"": 542320.0, ""setup_ms"": 586.904958, ""verify_ms"": 170.33404199999998}]",,,,,,,
primecount,zekra,resource-stop-cgroup-oom,False,1449,40,0,1,1,,,,,,,,,,"[{""failed_attempt_peak_rss_bytes"": 19286867968, ""failure_stage"": ""primecount:native-1/4"", ""failure_type"": ""cgroup-oom"", ""returncode"": 137, ""rss_is_lower_bound"": false}]",cgroup-oom,primecount:native-1/4,137,19286867968,False
sglib-combined,binius,verified,True,18980,446,3,4,1,6.49170125,5.811316875,213.141083,722032.0,705.109375,7485489152,7.485489152,"[{""crypto_prove_ms"": 5811.316875, ""peak_rss_bytes"": 7484735488, ""proof_bytes"": 722032.0, ""setup_ms"": 6313.858208, ""verify_ms"": 216.05425}, {""crypto_prove_ms"": 6093.7798330000005, ""peak_rss_bytes"": 7485489152, ""proof_bytes"": 722032.0, ""setup_ms"": 6491.70125, ""verify_ms"": 212.868792}, {""crypto_prove_ms"": 5799.642290999999, ""peak_rss_bytes"": 7462748160, ""proof_bytes"": 722032.0, ""setup_ms"": 6534.273042, ""verify_ms"": 213.141083}]",,,,,,,
sglib-combined,zekra,compile-failed,False,18980,446,0,0,0,,,,,,,,,,"[{""failed_attempt_peak_rss_bytes"": 13027540992, ""failure_stage"": ""sglib-combined:compile"", ""failure_type"": ""java-heap-oom"", ""returncode"": 0, ""rss_is_lower_bound"": false}]",java-heap-oom,sglib-combined:compile,0,13027540992,False
slre,binius,verified,True,718,376,3,4,1,0.534297292,0.218442583,167.405459,542320.0,529.609375,1000833024,1.000833024,"[{""crypto_prove_ms"": 218.44258299999998, ""peak_rss_bytes"": 1000538112, ""proof_bytes"": 542320.0, ""setup_ms"": 542.6739160000001, ""verify_ms"": 167.405459}, {""crypto_prove_ms"": 227.77775, ""peak_rss_bytes"": 1000833024, ""proof_bytes"": 542320.0, ""setup_ms"": 533.0260420000001, ""verify_ms"": 162.560542}, {""crypto_prove_ms"": 210.029042, ""peak_rss_bytes"": 998899712, ""proof_bytes"": 542320.0, ""setup_ms"": 534.297292, ""verify_ms"": 167.679666}]",,,,,,,
slre,zekra,verified,True,718,376,3,4,1,12.8256,5.7596,5.0,,,9868566528,9.868566528,"[{""peak_rss_bytes"": 9868566528, ""proof_bits_accounting"": 1019, ""prove_s"": 6.2552, ""setup_s"": 13.4424, ""verify_s"": 0.0076}, {""peak_rss_bytes"": 9867190272, ""proof_bits_accounting"": 1019, ""prove_s"": 5.6818, ""setup_s"": 12.8256, ""verify_s"": 0.0049}, {""peak_rss_bytes"": 9868529664, ""proof_bits_accounting"": 1019, ""prove_s"": 5.7596, ""setup_s"": 12.2656, ""verify_s"": 0.005}]",1019,,,,,,
st,binius,verified,True,69,56,3,4,1,0.21081720899999998,0.129328,100.686583,519664.0,507.484375,664289280,0.66428928,"[{""crypto_prove_ms"": 129.328, ""peak_rss_bytes"": 663748608, ""proof_bytes"": 519664.0, ""setup_ms"": 215.59145800000002, ""verify_ms"": 100.686583}, {""crypto_prove_ms"": 130.07970799999998, ""peak_rss_bytes"": 663552000, ""proof_bytes"": 519664.0, ""setup_ms"": 210.350833, ""verify_ms"": 111.901875}, {""crypto_prove_ms"": 120.771417, ""peak_rss_bytes"": 664289280, ""proof_bytes"": 519664.0, ""setup_ms"": 210.817209, ""verify_ms"": 100.24179199999999}]",,,,,,,
st,zekra,verified,True,69,56,3,4,1,1.7677,0.7569,4.8,,,489193472,0.489193472,"[{""peak_rss_bytes"": 488701952, ""proof_bits_accounting"": 1019, ""prove_s"": 0.7569, ""setup_s"": 1.7219, ""verify_s"": 0.0048}, {""peak_rss_bytes"": 489193472, ""proof_bits_accounting"": 1019, ""prove_s"": 0.9014, ""setup_s"": 1.8626, ""verify_s"": 0.005}, {""peak_rss_bytes"": 488718336, ""proof_bits_accounting"": 1019, ""prove_s"": 0.7521, ""setup_s"": 1.7677, ""verify_s"": 0.0048}]",1019,,,,,,
statemate,binius,verified,True,108,531,3,4,1,0.403676542,0.16999025,113.128541,542224.0,529.515625,938295296,0.938295296,"[{""crypto_prove_ms"": 177.873583, ""peak_rss_bytes"": 938295296, ""proof_bytes"": 542224.0, ""setup_ms"": 409.079125, ""verify_ms"": 122.996583}, {""crypto_prove_ms"": 166.06520899999998, ""peak_rss_bytes"": 937082880, ""proof_bytes"": 542224.0, ""setup_ms"": 403.67654200000004, ""verify_ms"": 113.128541}, {""crypto_prove_ms"": 169.99025, ""peak_rss_bytes"": 937525248, ""proof_bytes"": 542224.0, ""setup_ms"": 399.35891699999996, ""verify_ms"": 112.916709}]",,,,,,,
statemate,zekra,verified,True,108,531,3,4,1,3.708,1.693,4.7,,,1400066048,1.400066048,"[{""peak_rss_bytes"": 1398902784, ""proof_bits_accounting"": 1019, ""prove_s"": 1.6915, ""setup_s"": 3.708, ""verify_s"": 0.005}, {""peak_rss_bytes"": 1397714944, ""proof_bits_accounting"": 1019, ""prove_s"": 1.7168, ""setup_s"": 3.7043, ""verify_s"": 0.0047}, {""peak_rss_bytes"": 1400066048, ""proof_bits_accounting"": 1019, ""prove_s"": 1.693, ""setup_s"": 3.7334, ""verify_s"": 0.0047}]",1019,,,,,,
tarfind,binius,verified,True,467,57,3,4,1,0.297617625,0.149507292,119.88062500000001,527280.0,514.921875,764674048,0.764674048,"[{""crypto_prove_ms"": 149.604375, ""peak_rss_bytes"": 764493824, ""proof_bytes"": 527280.0, ""setup_ms"": 297.617625, ""verify_ms"": 123.05962500000001}, {""crypto_prove_ms"": 145.46979199999998, ""peak_rss_bytes"": 763805696, ""proof_bytes"": 527280.0, ""setup_ms"": 298.822291, ""verify_ms"": 119.88062500000001}, {""crypto_prove_ms"": 149.507292, ""peak_rss_bytes"": 764674048, ""proof_bytes"": 527280.0, ""setup_ms"": 289.533167, ""verify_ms"": 118.566958}]",,,,,,,
tarfind,zekra,verified,True,467,57,3,4,1,6.7194,2.6628,5.2,,,3105357824,3.105357824,"[{""peak_rss_bytes"": 3105357824, ""proof_bits_accounting"": 1019, ""prove_s"": 2.9301, ""setup_s"": 7.1252, ""verify_s"": 0.0054}, {""peak_rss_bytes"": 3104878592, ""proof_bits_accounting"": 1019, ""prove_s"": 2.6628, ""setup_s"": 6.7194, ""verify_s"": 0.0052}, {""peak_rss_bytes"": 3104722944, ""proof_bits_accounting"": 1019, ""prove_s"": 2.6377, ""setup_s"": 6.566, ""verify_s"": 0.0048}]",1019,,,,,,
ud,binius,verified,True,304,71,3,4,1,0.305595292,0.153996,125.077,534736.0,522.203125,822919168,0.822919168,"[{""crypto_prove_ms"": 155.752584, ""peak_rss_bytes"": 822870016, ""proof_bytes"": 534736.0, ""setup_ms"": 308.816375, ""verify_ms"": 125.077}, {""crypto_prove_ms"": 150.57225, ""peak_rss_bytes"": 822919168, ""proof_bytes"": 534736.0, ""setup_ms"": 305.28875, ""verify_ms"": 126.510917}, {""crypto_prove_ms"": 153.99599999999998, ""peak_rss_bytes"": 822525952, ""proof_bytes"": 534736.0, ""setup_ms"": 305.59529200000003, ""verify_ms"": 124.54612499999999}]",,,,,,,
ud,zekra,verified,True,304,71,3,4,1,6.2865,2.6127,4.8999999999999995,,,3106615296,3.106615296,"[{""peak_rss_bytes"": 3105447936, ""proof_bits_accounting"": 1019, ""prove_s"": 2.6127, ""setup_s"": 6.5989, ""verify_s"": 0.0049}, {""peak_rss_bytes"": 3106615296, ""proof_bits_accounting"": 1019, ""prove_s"": 2.6035, ""setup_s"": 6.2865, ""verify_s"": 0.0048}, {""peak_rss_bytes"": 3104841728, ""proof_bits_accounting"": 1019, ""prove_s"": 2.631, ""setup_s"": 6.2777, ""verify_s"": 0.0054}]",1019,,,,,,
wikisort,binius,verified,True,6796,481,3,4,1,1.9058015830000001,0.588692125,168.855166,625200.0,610.546875,2320105472,2.320105472,"[{""crypto_prove_ms"": 583.03175, ""peak_rss_bytes"": 2319597568, ""proof_bytes"": 625200.0, ""setup_ms"": 1917.094334, ""verify_ms"": 169.309833}, {""crypto_prove_ms"": 591.4307090000001, ""peak_rss_bytes"": 2320105472, ""proof_bytes"": 625200.0, ""setup_ms"": 1896.9705000000001, ""verify_ms"": 168.855166}, {""crypto_prove_ms"": 588.692125, ""peak_rss_bytes"": 2314862592, ""proof_bytes"": 625200.0, ""setup_ms"": 1905.8015830000002, ""verify_ms"": 167.36950000000002}]",,,,,,,
wikisort,zekra,resource-stop-cgroup-oom,False,6796,481,0,1,1,,,,,,,,,,"[{""failed_attempt_peak_rss_bytes"": 19286589440, ""failure_stage"": ""wikisort:native-1/4"", ""failure_type"": ""cgroup-oom"", ""returncode"": 137, ""rss_is_lower_bound"": false}]",cgroup-oom,wikisort:native-1/4,137,19286589440,False
