attempted,backend,family,kind,metrics,mode,outcome,repetition,returncode,source_ep_rows,verified
True,Binius64,fixed-cfg,warmup,"{""crypto_prove_s"": 0.122664, ""process_wall_s"": 0.826571875018999, ""proof_bytes"": 512112, ""prove_total_s"": 0.123111875, ""setup_s"": 0.223835709, ""verify_s"": 0.09343275, ""witness_localcheck_s"": 0.00044783399999999993}",complete,verified,0,0,64,True
True,Binius64,fixed-cfg,warmup,"{""crypto_prove_s"": 0.104901833, ""process_wall_s"": 0.3659218330285512, ""proof_bytes"": 504592, ""prove_total_s"": 0.105178667, ""setup_s"": 0.167025459, ""verify_s"": 0.080635, ""witness_localcheck_s"": 0.000276708}",shadow,verified,0,0,64,True
True,Binius64,growing-cfg,warmup,"{""crypto_prove_s"": 0.109970917, ""process_wall_s"": 0.3856474159983918, ""proof_bytes"": 512144, ""prove_total_s"": 0.1104815, ""setup_s"": 0.17915725, ""verify_s"": 0.081500708, ""witness_localcheck_s"": 0.000510541}",complete,verified,0,0,64,True
True,Binius64,growing-cfg,warmup,"{""crypto_prove_s"": 0.101001083, ""process_wall_s"": 0.3684772089472972, ""proof_bytes"": 512144, ""prove_total_s"": 0.101490708, ""setup_s"": 0.175638375, ""verify_s"": 0.077660042, ""witness_localcheck_s"": 0.000489583}",shadow,verified,0,0,64,True
True,Binius64,fixed-cfg,measured,"{""crypto_prove_s"": 0.113583875, ""process_wall_s"": 0.3868522910051979, ""proof_bytes"": 512112, ""prove_total_s"": 0.114001084, ""setup_s"": 0.176038083, ""verify_s"": 0.08361025, ""witness_localcheck_s"": 0.000417084}",complete,verified,1,0,64,True
True,Binius64,fixed-cfg,measured,"{""crypto_prove_s"": 0.1052945, ""process_wall_s"": 0.3647710420191288, ""proof_bytes"": 504592, ""prove_total_s"": 0.105557042, ""setup_s"": 0.172427916, ""verify_s"": 0.07485475, ""witness_localcheck_s"": 0.00026250000000000004}",shadow,verified,1,0,64,True
True,Binius64,fixed-cfg,measured,"{""crypto_prove_s"": 0.103018, ""process_wall_s"": 0.3598671249928884, ""proof_bytes"": 504592, ""prove_total_s"": 0.103293458, ""setup_s"": 0.165630042, ""verify_s"": 0.078042916, ""witness_localcheck_s"": 0.000275375}",shadow,verified,1,0,128,True
True,Binius64,fixed-cfg,measured,"{""crypto_prove_s"": 0.104965417, ""process_wall_s"": 0.3932085410342552, ""proof_bytes"": 519632, ""prove_total_s"": 0.105582792, ""setup_s"": 0.186563125, ""verify_s"": 0.086871166, ""witness_localcheck_s"": 0.000617292}",complete,verified,1,0,128,True
True,Binius64,fixed-cfg,measured,"{""crypto_prove_s"": 0.113079125, ""process_wall_s"": 0.44189408398233354, ""proof_bytes"": 519696, ""prove_total_s"": 0.1140645, ""setup_s"": 0.218847125, ""verify_s"": 0.093256833, ""witness_localcheck_s"": 0.000985334}",complete,verified,1,0,256,True
True,Binius64,fixed-cfg,measured,"{""crypto_prove_s"": 0.104341833, ""process_wall_s"": 0.3642614589771256, ""proof_bytes"": 504592, ""prove_total_s"": 0.104617792, ""setup_s"": 0.167746, ""verify_s"": 0.079075916, ""witness_localcheck_s"": 0.000275875}",shadow,verified,1,0,256,True
True,Binius64,fixed-cfg,measured,"{""crypto_prove_s"": 0.102219125, ""process_wall_s"": 0.36005783296423033, ""proof_bytes"": 504592, ""prove_total_s"": 0.102487834, ""setup_s"": 0.170001125, ""verify_s"": 0.07502925, ""witness_localcheck_s"": 0.000268667}",shadow,verified,1,0,512,True
True,Binius64,fixed-cfg,measured,"{""crypto_prove_s"": 0.135115, ""process_wall_s"": 0.5271685410407372, ""proof_bytes"": 527248, ""prove_total_s"": 0.1368875, ""setup_s"": 0.264988208, ""verify_s"": 0.10645433299999998, ""witness_localcheck_s"": 0.0017724579999999998}",complete,verified,1,0,512,True
True,Binius64,fixed-cfg,measured,"{""crypto_prove_s"": 0.148996083, ""process_wall_s"": 0.6645377919776365, ""proof_bytes"": 534800, ""prove_total_s"": 0.152295167, ""setup_s"": 0.361283666, ""verify_s"": 0.124698208, ""witness_localcheck_s"": 0.003299042}",complete,verified,1,0,1024,True
True,Binius64,fixed-cfg,measured,"{""crypto_prove_s"": 0.106658, ""process_wall_s"": 0.3619420420145616, ""proof_bytes"": 504592, ""prove_total_s"": 0.106929417, ""setup_s"": 0.164638709, ""verify_s"": 0.077906667, ""witness_localcheck_s"": 0.000271334}",shadow,verified,1,0,1024,True
True,Binius64,fixed-cfg,measured,"{""crypto_prove_s"": 0.105146291, ""process_wall_s"": 0.360935167002026, ""proof_bytes"": 504592, ""prove_total_s"": 0.105418125, ""setup_s"": 0.167897583, ""verify_s"": 0.075373292, ""witness_localcheck_s"": 0.000271792}",shadow,verified,1,0,2048,True
True,Binius64,fixed-cfg,measured,"{""crypto_prove_s"": 0.190381667, ""process_wall_s"": 0.926148375030607, ""proof_bytes"": 542320, ""prove_total_s"": 0.196854041, ""setup_s"": 0.539524083, ""verify_s"": 0.15216995800000002, ""witness_localcheck_s"": 0.006472333}",complete,verified,1,0,2048,True
True,Binius64,fixed-cfg,measured,"{""crypto_prove_s"": 0.297382709, ""process_wall_s"": 1.5259667910286225, ""proof_bytes"": 580416, ""prove_total_s"": 0.310127791, ""setup_s"": 0.9288585, ""verify_s"": 0.222245125, ""witness_localcheck_s"": 0.012745041}",complete,verified,1,0,4096,True
True,Binius64,fixed-cfg,measured,"{""crypto_prove_s"": 0.104155375, ""process_wall_s"": 0.3627313330071047, ""proof_bytes"": 504592, ""prove_total_s"": 0.1044235, ""setup_s"": 0.168030375, ""verify_s"": 0.078275417, ""witness_localcheck_s"": 0.000268042}",shadow,verified,1,0,4096,True
True,Binius64,growing-cfg,measured,"{""crypto_prove_s"": 0.10325, ""process_wall_s"": 0.37054974999045953, ""proof_bytes"": 512144, ""prove_total_s"": 0.103741291, ""setup_s"": 0.175448167, ""verify_s"": 0.078034333, ""witness_localcheck_s"": 0.000491208}",shadow,verified,1,0,64,True
True,Binius64,growing-cfg,measured,"{""crypto_prove_s"": 0.101208958, ""process_wall_s"": 0.36917229200480506, ""proof_bytes"": 512144, ""prove_total_s"": 0.101706709, ""setup_s"": 0.176348166, ""verify_s"": 0.077745375, ""witness_localcheck_s"": 0.000497667}",complete,verified,1,0,64,True
True,Binius64,growing-cfg,measured,"{""crypto_prove_s"": 0.113560167, ""process_wall_s"": 0.4139208330307156, ""proof_bytes"": 519664, ""prove_total_s"": 0.114358833, ""setup_s"": 0.198956042, ""verify_s"": 0.08581425, ""witness_localcheck_s"": 0.000798625}",complete,verified,1,0,128,True
True,Binius64,growing-cfg,measured,"{""crypto_prove_s"": 0.115815833, ""process_wall_s"": 0.4287692919606343, ""proof_bytes"": 519664, ""prove_total_s"": 0.116611458, ""setup_s"": 0.2025875, ""verify_s"": 0.094182375, ""witness_localcheck_s"": 0.000795583}",shadow,verified,1,0,128,True
True,Binius64,growing-cfg,measured,"{""crypto_prove_s"": 0.131156209, ""process_wall_s"": 0.48859491699840873, ""proof_bytes"": 527216, ""prove_total_s"": 0.132602541, ""setup_s"": 0.235690625, ""verify_s"": 0.10231225, ""witness_localcheck_s"": 0.001446291}",shadow,verified,1,0,256,True
True,Binius64,growing-cfg,measured,"{""crypto_prove_s"": 0.128492542, ""process_wall_s"": 0.48903641605284065, ""proof_bytes"": 527216, ""prove_total_s"": 0.12993625, ""setup_s"": 0.240442333, ""verify_s"": 0.101108875, ""witness_localcheck_s"": 0.001443584}",complete,verified,1,0,256,True
True,Binius64,growing-cfg,measured,"{""crypto_prove_s"": 0.153291125, ""process_wall_s"": 0.6157532089855522, ""proof_bytes"": 534768, ""prove_total_s"": 0.156107875, ""setup_s"": 0.319681417, ""verify_s"": 0.115376417, ""witness_localcheck_s"": 0.002816625}",complete,verified,1,0,512,True
True,Binius64,growing-cfg,measured,"{""crypto_prove_s"": 0.14507575, ""process_wall_s"": 0.5857240839977749, ""proof_bytes"": 534768, ""prove_total_s"": 0.14777775, ""setup_s"": 0.305817167, ""verify_s"": 0.1077845, ""witness_localcheck_s"": 0.002701916}",shadow,verified,1,0,512,True
True,Binius64,growing-cfg,measured,"{""crypto_prove_s"": 0.18617475, ""process_wall_s"": 0.8124272499699146, ""proof_bytes"": 542320, ""prove_total_s"": 0.19159425, ""setup_s"": 0.462502125, ""verify_s"": 0.12443, ""witness_localcheck_s"": 0.005419375}",shadow,verified,1,0,1024,True
True,Binius64,growing-cfg,measured,"{""crypto_prove_s"": 0.181352833, ""process_wall_s"": 0.8054330419981852, ""proof_bytes"": 542320, ""prove_total_s"": 0.186828542, ""setup_s"": 0.45799575, ""verify_s"": 0.126513625, ""witness_localcheck_s"": 0.005475625}",complete,verified,1,0,1024,True
True,Binius64,growing-cfg,measured,"{""crypto_prove_s"": 0.260789375, ""process_wall_s"": 1.210317249991931, ""proof_bytes"": 580384, ""prove_total_s"": 0.27079675, ""setup_s"": 0.732450291, ""verify_s"": 0.152722375, ""witness_localcheck_s"": 0.010002375}",complete,verified,1,0,2048,True
True,Binius64,growing-cfg,measured,"{""crypto_prove_s"": 0.253130042, ""process_wall_s"": 1.2045492500183173, ""proof_bytes"": 580384, ""prove_total_s"": 0.262976042, ""setup_s"": 0.735540584, ""verify_s"": 0.152876125, ""witness_localcheck_s"": 0.009845792}",shadow,verified,1,0,2048,True
True,Binius64,growing-cfg,measured,"{""crypto_prove_s"": 0.577310917, ""process_wall_s"": 2.2578786250087433, ""proof_bytes"": 625136, ""prove_total_s"": 0.5979965, ""setup_s"": 1.338444125, ""verify_s"": 0.224906375, ""witness_localcheck_s"": 0.020685417}",shadow,verified,1,0,4096,True
True,Binius64,growing-cfg,measured,"{""crypto_prove_s"": 0.586820833, ""process_wall_s"": 2.2754395000520162, ""proof_bytes"": 625136, ""prove_total_s"": 0.607235042, ""setup_s"": 1.345325208, ""verify_s"": 0.225973709, ""witness_localcheck_s"": 0.020414125}",complete,verified,1,0,4096,True
True,Binius64,growing-cfg,measured,"{""crypto_prove_s"": 0.594161666, ""process_wall_s"": 2.28604879201157, ""proof_bytes"": 625136, ""prove_total_s"": 0.614798458, ""setup_s"": 1.346638917, ""verify_s"": 0.229902875, ""witness_localcheck_s"": 0.0206365}",shadow,verified,2,0,4096,True
True,Binius64,growing-cfg,measured,"{""crypto_prove_s"": 0.594080958, ""process_wall_s"": 2.280704082979355, ""proof_bytes"": 625136, ""prove_total_s"": 0.614574333, ""setup_s"": 1.341303792, ""verify_s"": 0.227234334, ""witness_localcheck_s"": 0.02049325}",complete,verified,2,0,4096,True
True,Binius64,growing-cfg,measured,"{""crypto_prove_s"": 0.255875292, ""process_wall_s"": 1.2042452919995412, ""proof_bytes"": 580384, ""prove_total_s"": 0.265928625, ""setup_s"": 0.732411291, ""verify_s"": 0.152859625, ""witness_localcheck_s"": 0.01005325}",complete,verified,2,0,2048,True
True,Binius64,growing-cfg,measured,"{""crypto_prove_s"": 0.253266167, ""process_wall_s"": 1.2030169580248185, ""proof_bytes"": 580384, ""prove_total_s"": 0.263272916, ""setup_s"": 0.731407417, ""verify_s"": 0.155094958, ""witness_localcheck_s"": 0.010006583}",shadow,verified,2,0,2048,True
True,Binius64,growing-cfg,measured,"{""crypto_prove_s"": 0.182601166, ""process_wall_s"": 0.801664459053427, ""proof_bytes"": 542320, ""prove_total_s"": 0.188036833, ""setup_s"": 0.454393625, ""verify_s"": 0.126134834, ""witness_localcheck_s"": 0.005435625}",shadow,verified,2,0,1024,True
True,Binius64,growing-cfg,measured,"{""crypto_prove_s"": 0.180260166, ""process_wall_s"": 0.795961374999024, ""proof_bytes"": 542320, ""prove_total_s"": 0.18566225, ""setup_s"": 0.450931083, ""verify_s"": 0.1256805, ""witness_localcheck_s"": 0.005402042}",complete,verified,2,0,1024,True
True,Binius64,growing-cfg,measured,"{""crypto_prove_s"": 0.136882167, ""process_wall_s"": 0.579436749976594, ""proof_bytes"": 534768, ""prove_total_s"": 0.139590833, ""setup_s"": 0.308205083, ""verify_s"": 0.107555375, ""witness_localcheck_s"": 0.002708542}",complete,verified,2,0,512,True
True,Binius64,growing-cfg,measured,"{""crypto_prove_s"": 0.148118208, ""process_wall_s"": 0.5964015000499785, ""proof_bytes"": 534768, ""prove_total_s"": 0.150865459, ""setup_s"": 0.313242792, ""verify_s"": 0.108286792, ""witness_localcheck_s"": 0.002747209}",shadow,verified,2,0,512,True
True,Binius64,growing-cfg,measured,"{""crypto_prove_s"": 0.121336875, ""process_wall_s"": 0.4729723749915138, ""proof_bytes"": 527216, ""prove_total_s"": 0.122760333, ""setup_s"": 0.233276416, ""verify_s"": 0.099569333, ""witness_localcheck_s"": 0.0014233749999999997}",shadow,verified,2,0,256,True
True,Binius64,growing-cfg,measured,"{""crypto_prove_s"": 0.119488541, ""process_wall_s"": 0.46359287499217317, ""proof_bytes"": 527216, ""prove_total_s"": 0.120920458, ""setup_s"": 0.230249792, ""verify_s"": 0.095144834, ""witness_localcheck_s"": 0.001431917}",complete,verified,2,0,256,True
True,Binius64,growing-cfg,measured,"{""crypto_prove_s"": 0.107611375, ""process_wall_s"": 0.40398716600611806, ""proof_bytes"": 519664, ""prove_total_s"": 0.108390584, ""setup_s"": 0.193557542, ""verify_s"": 0.086936542, ""witness_localcheck_s"": 0.000779084}",complete,verified,2,0,128,True
True,Binius64,growing-cfg,measured,"{""crypto_prove_s"": 0.11129825, ""process_wall_s"": 0.4126402920228429, ""proof_bytes"": 519664, ""prove_total_s"": 0.112077875, ""setup_s"": 0.196885833, ""verify_s"": 0.088895458, ""witness_localcheck_s"": 0.000779583}",shadow,verified,2,0,128,True
True,Binius64,growing-cfg,measured,"{""crypto_prove_s"": 0.104075833, ""process_wall_s"": 0.37371304200496525, ""proof_bytes"": 512144, ""prove_total_s"": 0.104557584, ""setup_s"": 0.177770583, ""verify_s"": 0.0781325, ""witness_localcheck_s"": 0.000481709}",shadow,verified,2,0,64,True
True,Binius64,growing-cfg,measured,"{""crypto_prove_s"": 0.104142083, ""process_wall_s"": 0.3745241250144318, ""proof_bytes"": 512144, ""prove_total_s"": 0.104636417, ""setup_s"": 0.177649625, ""verify_s"": 0.078960625, ""witness_localcheck_s"": 0.00049425}",complete,verified,2,0,64,True
True,Binius64,fixed-cfg,measured,"{""crypto_prove_s"": 0.301753375, ""process_wall_s"": 1.5519982079858892, ""proof_bytes"": 580416, ""prove_total_s"": 0.314408, ""setup_s"": 0.939515208, ""verify_s"": 0.230401, ""witness_localcheck_s"": 0.0126545}",complete,verified,2,0,4096,True
True,Binius64,fixed-cfg,measured,"{""crypto_prove_s"": 0.104362541, ""process_wall_s"": 0.35488041600910947, ""proof_bytes"": 504592, ""prove_total_s"": 0.104651625, ""setup_s"": 0.16372, ""verify_s"": 0.073663959, ""witness_localcheck_s"": 0.000289042}",shadow,verified,2,0,4096,True
True,Binius64,fixed-cfg,measured,"{""crypto_prove_s"": 0.106287542, ""process_wall_s"": 0.3619032920105383, ""proof_bytes"": 504592, ""prove_total_s"": 0.10656225, ""setup_s"": 0.167678125, ""verify_s"": 0.075104666, ""witness_localcheck_s"": 0.000274666}",shadow,verified,2,0,2048,True
True,Binius64,fixed-cfg,measured,"{""crypto_prove_s"": 0.204874042, ""process_wall_s"": 0.965415499988012, ""proof_bytes"": 542320, ""prove_total_s"": 0.211494417, ""setup_s"": 0.5523545, ""verify_s"": 0.163670375, ""witness_localcheck_s"": 0.006620375}",complete,verified,2,0,2048,True
True,Binius64,fixed-cfg,measured,"{""crypto_prove_s"": 0.149453416, ""process_wall_s"": 0.6557453330024146, ""proof_bytes"": 534800, ""prove_total_s"": 0.152821875, ""setup_s"": 0.352292459, ""verify_s"": 0.12423741600000002, ""witness_localcheck_s"": 0.003368292}",complete,verified,2,0,1024,True
True,Binius64,fixed-cfg,measured,"{""crypto_prove_s"": 0.105954, ""process_wall_s"": 0.3710725419805385, ""proof_bytes"": 504592, ""prove_total_s"": 0.106222208, ""setup_s"": 0.169044584, ""verify_s"": 0.083647625, ""witness_localcheck_s"": 0.000268167}",shadow,verified,2,0,1024,True
True,Binius64,fixed-cfg,measured,"{""crypto_prove_s"": 0.102884458, ""process_wall_s"": 0.3546932080062106, ""proof_bytes"": 504592, ""prove_total_s"": 0.103154792, ""setup_s"": 0.164581333, ""verify_s"": 0.074666042, ""witness_localcheck_s"": 0.000270209}",shadow,verified,2,0,512,True
True,Binius64,fixed-cfg,measured,"{""crypto_prove_s"": 0.128178417, ""process_wall_s"": 0.5159754590131342, ""proof_bytes"": 527248, ""prove_total_s"": 0.129905916, ""setup_s"": 0.262546375, ""verify_s"": 0.104960292, ""witness_localcheck_s"": 0.001727458}",complete,verified,2,0,512,True
True,Binius64,fixed-cfg,measured,"{""crypto_prove_s"": 0.121976625, ""process_wall_s"": 0.45022612501634285, ""proof_bytes"": 519696, ""prove_total_s"": 0.123022708, ""setup_s"": 0.2197445, ""verify_s"": 0.091818833, ""witness_localcheck_s"": 0.001045917}",complete,verified,2,0,256,True
True,Binius64,fixed-cfg,measured,"{""crypto_prove_s"": 0.103687833, ""process_wall_s"": 0.3600731670157984, ""proof_bytes"": 504592, ""prove_total_s"": 0.103961416, ""setup_s"": 0.169929125, ""verify_s"": 0.073936209, ""witness_localcheck_s"": 0.000273541}",shadow,verified,2,0,256,True
True,Binius64,fixed-cfg,measured,"{""crypto_prove_s"": 0.106001, ""process_wall_s"": 0.36683408298995346, ""proof_bytes"": 504592, ""prove_total_s"": 0.106269417, ""setup_s"": 0.167987167, ""verify_s"": 0.080444834, ""witness_localcheck_s"": 0.000268375}",shadow,verified,2,0,128,True
True,Binius64,fixed-cfg,measured,"{""crypto_prove_s"": 0.108071875, ""process_wall_s"": 0.40065374999539927, ""proof_bytes"": 519632, ""prove_total_s"": 0.10866725, ""setup_s"": 0.189315, ""verify_s"": 0.0883215, ""witness_localcheck_s"": 0.000595292}",complete,verified,2,0,128,True
True,Binius64,fixed-cfg,measured,"{""crypto_prove_s"": 0.112452959, ""process_wall_s"": 0.39934608299518004, ""proof_bytes"": 512112, ""prove_total_s"": 0.112881833, ""setup_s"": 0.186408875, ""verify_s"": 0.08665625, ""witness_localcheck_s"": 0.00042883300000000005}",complete,verified,2,0,64,True
True,Binius64,fixed-cfg,measured,"{""crypto_prove_s"": 0.1074015, ""process_wall_s"": 0.36573708400828764, ""proof_bytes"": 504592, ""prove_total_s"": 0.107673167, ""setup_s"": 0.17054775, ""verify_s"": 0.075159375, ""witness_localcheck_s"": 0.000271625}",shadow,verified,2,0,64,True
True,Binius64,fixed-cfg,measured,"{""crypto_prove_s"": 0.107919292, ""process_wall_s"": 0.3837960830423981, ""proof_bytes"": 512112, ""prove_total_s"": 0.10833, ""setup_s"": 0.180376084, ""verify_s"": 0.082110458, ""witness_localcheck_s"": 0.000410625}",complete,verified,3,0,64,True
True,Binius64,fixed-cfg,measured,"{""crypto_prove_s"": 0.106460291, ""process_wall_s"": 0.3630032500368543, ""proof_bytes"": 504592, ""prove_total_s"": 0.10673725, ""setup_s"": 0.168951333, ""verify_s"": 0.074927041, ""witness_localcheck_s"": 0.000276833}",shadow,verified,3,0,64,True
True,Binius64,fixed-cfg,measured,"{""crypto_prove_s"": 0.106628167, ""process_wall_s"": 0.3623744999640621, ""proof_bytes"": 504592, ""prove_total_s"": 0.106900625, ""setup_s"": 0.168944792, ""verify_s"": 0.074104708, ""witness_localcheck_s"": 0.000272417}",shadow,verified,3,0,128,True
True,Binius64,fixed-cfg,measured,"{""crypto_prove_s"": 0.108981708, ""process_wall_s"": 0.40030491701327264, ""proof_bytes"": 519632, ""prove_total_s"": 0.109594083, ""setup_s"": 0.188834458, ""verify_s"": 0.087847916, ""witness_localcheck_s"": 0.000612333}",complete,verified,3,0,128,True
True,Binius64,fixed-cfg,measured,"{""crypto_prove_s"": 0.11247675, ""process_wall_s"": 0.43912066699704155, ""proof_bytes"": 519696, ""prove_total_s"": 0.113479583, ""setup_s"": 0.2154655, ""verify_s"": 0.09444925, ""witness_localcheck_s"": 0.00100275}",complete,verified,3,0,256,True
True,Binius64,fixed-cfg,measured,"{""crypto_prove_s"": 0.109604542, ""process_wall_s"": 0.3689864999614656, ""proof_bytes"": 504592, ""prove_total_s"": 0.1098715, ""setup_s"": 0.171824291, ""verify_s"": 0.075037917, ""witness_localcheck_s"": 0.000266917}",shadow,verified,3,0,256,True
True,Binius64,fixed-cfg,measured,"{""crypto_prove_s"": 0.106903458, ""process_wall_s"": 0.3596491659991443, ""proof_bytes"": 504592, ""prove_total_s"": 0.107183875, ""setup_s"": 0.16639325, ""verify_s"": 0.074142125, ""witness_localcheck_s"": 0.000280333}",shadow,verified,3,0,512,True
True,Binius64,fixed-cfg,measured,"{""crypto_prove_s"": 0.121680583, ""process_wall_s"": 0.5124603339936584, ""proof_bytes"": 527248, ""prove_total_s"": 0.123426292, ""setup_s"": 0.264719458, ""verify_s"": 0.105836458, ""witness_localcheck_s"": 0.001745625}",complete,verified,3,0,512,True
True,Binius64,fixed-cfg,measured,"{""crypto_prove_s"": 0.184695334, ""process_wall_s"": 0.7831912920228206, ""proof_bytes"": 534800, ""prove_total_s"": 0.188060625, ""setup_s"": 0.364927541, ""verify_s"": 0.204054833, ""witness_localcheck_s"": 0.00336525}",complete,verified,3,0,1024,True
True,Binius64,fixed-cfg,measured,"{""crypto_prove_s"": 0.104760042, ""process_wall_s"": 0.3618876250111498, ""proof_bytes"": 504592, ""prove_total_s"": 0.105033458, ""setup_s"": 0.1671945, ""verify_s"": 0.077457875, ""witness_localcheck_s"": 0.000273375}",shadow,verified,3,0,1024,True
True,Binius64,fixed-cfg,measured,"{""crypto_prove_s"": 0.099330958, ""process_wall_s"": 0.34904283296782523, ""proof_bytes"": 504592, ""prove_total_s"": 0.0996045, ""setup_s"": 0.162289875, ""verify_s"": 0.074657292, ""witness_localcheck_s"": 0.000273458}",shadow,verified,3,0,2048,True
True,Binius64,fixed-cfg,measured,"{""crypto_prove_s"": 0.188322958, ""process_wall_s"": 0.9326811250066385, ""proof_bytes"": 542320, ""prove_total_s"": 0.19484087499999997, ""setup_s"": 0.546951834, ""verify_s"": 0.153343042, ""witness_localcheck_s"": 0.006517875}",complete,verified,3,0,2048,True
True,Binius64,fixed-cfg,measured,"{""crypto_prove_s"": 0.300292375, ""process_wall_s"": 1.5300549170351587, ""proof_bytes"": 580416, ""prove_total_s"": 0.313013042, ""setup_s"": 0.9335695, ""verify_s"": 0.218275042, ""witness_localcheck_s"": 0.012720458}",complete,verified,3,0,4096,True
True,Binius64,fixed-cfg,measured,"{""crypto_prove_s"": 0.108284375, ""process_wall_s"": 0.3643552499706857, ""proof_bytes"": 504592, ""prove_total_s"": 0.108557542, ""setup_s"": 0.162198625, ""verify_s"": 0.081220125, ""witness_localcheck_s"": 0.0002730419999999999}",shadow,verified,3,0,4096,True
True,Binius64,growing-cfg,measured,"{""crypto_prove_s"": 0.104681041, ""process_wall_s"": 0.37460754200583324, ""proof_bytes"": 512144, ""prove_total_s"": 0.105181833, ""setup_s"": 0.175802333, ""verify_s"": 0.08033199999999999, ""witness_localcheck_s"": 0.000500708}",shadow,verified,3,0,64,True
True,Binius64,growing-cfg,measured,"{""crypto_prove_s"": 0.107540209, ""process_wall_s"": 0.3809940840001218, ""proof_bytes"": 512144, ""prove_total_s"": 0.10803949999999998, ""setup_s"": 0.179750708, ""verify_s"": 0.079902084, ""witness_localcheck_s"": 0.000499209}",complete,verified,3,0,64,True
True,Binius64,growing-cfg,measured,"{""crypto_prove_s"": 0.109971625, ""process_wall_s"": 0.4118410829687491, ""proof_bytes"": 519664, ""prove_total_s"": 0.110761792, ""setup_s"": 0.199622709, ""verify_s"": 0.086778583, ""witness_localcheck_s"": 0.000790125}",complete,verified,3,0,128,True
True,Binius64,growing-cfg,measured,"{""crypto_prove_s"": 0.110081875, ""process_wall_s"": 0.40626641700509936, ""proof_bytes"": 519664, ""prove_total_s"": 0.110869208, ""setup_s"": 0.193928292, ""verify_s"": 0.0863245, ""witness_localcheck_s"": 0.000787292}",shadow,verified,3,0,128,True
True,Binius64,growing-cfg,measured,"{""crypto_prove_s"": 0.129512334, ""process_wall_s"": 0.481636458018329, ""proof_bytes"": 527216, ""prove_total_s"": 0.130951333, ""setup_s"": 0.234527583, ""verify_s"": 0.098689958, ""witness_localcheck_s"": 0.001438875}",shadow,verified,3,0,256,True
True,Binius64,growing-cfg,measured,"{""crypto_prove_s"": 0.123835791, ""process_wall_s"": 0.46613354195142165, ""proof_bytes"": 527216, ""prove_total_s"": 0.12524775, ""setup_s"": 0.225960583, ""verify_s"": 0.0974945, ""witness_localcheck_s"": 0.00141175}",complete,verified,3,0,256,True
True,Binius64,growing-cfg,measured,"{""crypto_prove_s"": 0.131354334, ""process_wall_s"": 0.5773108749999665, ""proof_bytes"": 534768, ""prove_total_s"": 0.134046542, ""setup_s"": 0.311594458, ""verify_s"": 0.107134167, ""witness_localcheck_s"": 0.002688083}",complete,verified,3,0,512,True
True,Binius64,growing-cfg,measured,"{""crypto_prove_s"": 0.144867458, ""process_wall_s"": 0.5891459590056911, ""proof_bytes"": 534768, ""prove_total_s"": 0.147581792, ""setup_s"": 0.307573709, ""verify_s"": 0.108454542, ""witness_localcheck_s"": 0.002714209}",shadow,verified,3,0,512,True
True,Binius64,growing-cfg,measured,"{""crypto_prove_s"": 0.180146333, ""process_wall_s"": 0.8043513750308193, ""proof_bytes"": 542320, ""prove_total_s"": 0.185554542, ""setup_s"": 0.459581708, ""verify_s"": 0.12593125, ""witness_localcheck_s"": 0.005408083}",shadow,verified,3,0,1024,True
True,Binius64,growing-cfg,measured,"{""crypto_prove_s"": 0.174040125, ""process_wall_s"": 0.7982970419689082, ""proof_bytes"": 542320, ""prove_total_s"": 0.179430083, ""setup_s"": 0.4558035, ""verify_s"": 0.129794166, ""witness_localcheck_s"": 0.005389708}",complete,verified,3,0,1024,True
True,Binius64,growing-cfg,measured,"{""crypto_prove_s"": 0.258774667, ""process_wall_s"": 1.2135442920261994, ""proof_bytes"": 580384, ""prove_total_s"": 0.268691375, ""setup_s"": 0.738131875, ""verify_s"": 0.153711958, ""witness_localcheck_s"": 0.0099165}",complete,verified,3,0,2048,True
True,Binius64,growing-cfg,measured,"{""crypto_prove_s"": 0.24963775, ""process_wall_s"": 1.1990345420199446, ""proof_bytes"": 580384, ""prove_total_s"": 0.259643541, ""setup_s"": 0.732951791, ""verify_s"": 0.153699375, ""witness_localcheck_s"": 0.010005541}",shadow,verified,3,0,2048,True
True,Binius64,growing-cfg,measured,"{""crypto_prove_s"": 0.594022042, ""process_wall_s"": 2.284456666035112, ""proof_bytes"": 625136, ""prove_total_s"": 0.614346292, ""setup_s"": 1.349714417, ""verify_s"": 0.22477375, ""witness_localcheck_s"": 0.020324042}",shadow,verified,3,0,4096,True
True,Binius64,growing-cfg,measured,"{""crypto_prove_s"": 0.582725084, ""process_wall_s"": 2.2736453330144286, ""proof_bytes"": 625136, ""prove_total_s"": 0.603115083, ""setup_s"": 1.34228725, ""verify_s"": 0.232364959, ""witness_localcheck_s"": 0.020389875}",complete,verified,3,0,4096,True
True,PLONK,growing-cfg,preflight,"{""peak_rss_bytes"": 33898496, ""process_wall_s"": 1.085075}",complete,satisfied,0,0,64,False
True,PLONK,growing-cfg,preflight,"{""peak_rss_bytes"": 62095360, ""process_wall_s"": 0.565175}",complete,satisfied,0,0,128,False
True,PLONK,growing-cfg,preflight,"{""peak_rss_bytes"": 135675904, ""process_wall_s"": 0.5536789999999999}",complete,satisfied,0,0,256,False
True,PLONK,growing-cfg,preflight,"{""peak_rss_bytes"": 270893056, ""process_wall_s"": 1.090059}",complete,satisfied,0,0,512,False
True,PLONK,growing-cfg,preflight,"{""peak_rss_bytes"": 498647040, ""process_wall_s"": 2.156484}",complete,satisfied,0,0,1024,False
True,PLONK,growing-cfg,preflight,"{""peak_rss_bytes"": 999129088, ""process_wall_s"": 3.714705}",complete,satisfied,0,0,2048,False
True,PLONK,growing-cfg,preflight,"{""peak_rss_bytes"": 1965719552, ""process_wall_s"": 7.305998}",complete,satisfied,0,0,4096,False
True,PLONK,growing-cfg,warmup,"{""crypto_prove_s"": 2.831737083, ""peak_rss_bytes"": 574308352, ""process_wall_s"": 6.319648, ""proof_bytes"": 1930, ""proof_serialization_s"": 4.875e-06, ""setup_s"": 3.096044833, ""verify_s"": 0.005863958, ""witness_localcheck_s"": 0.075185209}",complete,verified,0,0,64,True
True,PLONK,growing-cfg,measured,"{""crypto_prove_s"": 2.88635175, ""peak_rss_bytes"": 573652992, ""process_wall_s"": 6.320727, ""proof_bytes"": 1930, ""proof_serialization_s"": 5.084e-06, ""setup_s"": 3.119907542, ""verify_s"": 0.005827875, ""witness_localcheck_s"": 0.075188792}",complete,verified,1,0,64,True
True,PLONK,growing-cfg,measured,"{""crypto_prove_s"": 2.8395931660000002, ""peak_rss_bytes"": 570163200, ""process_wall_s"": 6.346653, ""proof_bytes"": 1930, ""proof_serialization_s"": 5.208e-06, ""setup_s"": 3.030587417, ""verify_s"": 0.00598125, ""witness_localcheck_s"": 0.075523375}",complete,verified,2,0,64,True
True,PLONK,growing-cfg,measured,"{""crypto_prove_s"": 2.889158125, ""peak_rss_bytes"": 572194816, ""process_wall_s"": 6.324959, ""proof_bytes"": 1930, ""proof_serialization_s"": 5.291e-06, ""setup_s"": 3.031939917, ""verify_s"": 0.005888584, ""witness_localcheck_s"": 0.075947833}",complete,verified,3,0,64,True
True,PLONK,growing-cfg,measured,"{""crypto_prove_s"": 5.535997708, ""peak_rss_bytes"": 1020739584, ""process_wall_s"": 12.101165000000002, ""proof_bytes"": 1930, ""proof_serialization_s"": 5.333e-06, ""setup_s"": 5.750231792, ""verify_s"": 0.005960292, ""witness_localcheck_s"": 0.125989417}",complete,verified,1,0,128,True
True,PLONK,growing-cfg,measured,"{""crypto_prove_s"": 5.554812083, ""peak_rss_bytes"": 1029046272, ""process_wall_s"": 12.111901, ""proof_bytes"": 1930, ""proof_serialization_s"": 5.958e-06, ""setup_s"": 5.714315583, ""verify_s"": 0.005945792, ""witness_localcheck_s"": 0.127479917}",complete,verified,2,0,128,True
True,PLONK,growing-cfg,measured,"{""crypto_prove_s"": 5.81389025, ""peak_rss_bytes"": 1021607936, ""process_wall_s"": 12.083503, ""proof_bytes"": 1930, ""proof_serialization_s"": 6.375e-06, ""setup_s"": 5.722396625, ""verify_s"": 0.006147667, ""witness_localcheck_s"": 0.129593666}",complete,verified,3,0,128,True
True,PLONK,growing-cfg,measured,"{""crypto_prove_s"": 10.696974042, ""peak_rss_bytes"": 1980203008, ""process_wall_s"": 22.596074, ""proof_bytes"": 1930, ""proof_serialization_s"": 8.209e-06, ""setup_s"": 10.700389916, ""verify_s"": 0.006128709, ""witness_localcheck_s"": 0.228666333}",complete,verified,1,0,256,True
True,PLONK,growing-cfg,measured,"{""crypto_prove_s"": 10.6926675, ""peak_rss_bytes"": 1980432384, ""process_wall_s"": 22.569513999999998, ""proof_bytes"": 1930, ""proof_serialization_s"": 8.125e-06, ""setup_s"": 10.655138917, ""verify_s"": 0.006247333, ""witness_localcheck_s"": 0.228172958}",complete,verified,2,0,256,True
True,PLONK,growing-cfg,measured,"{""crypto_prove_s"": 10.69438025, ""peak_rss_bytes"": 1982349312, ""process_wall_s"": 22.579195, ""proof_bytes"": 1930, ""proof_serialization_s"": 7.375e-06, ""setup_s"": 10.657221583, ""verify_s"": 0.006026958, ""witness_localcheck_s"": 0.227930333}",complete,verified,3,0,256,True
True,PLONK,growing-cfg,measured,"{""crypto_prove_s"": 21.310851042, ""peak_rss_bytes"": 3920445440, ""process_wall_s"": 44.547408000000004, ""proof_bytes"": 1930, ""proof_serialization_s"": 1.2167e-05, ""setup_s"": 21.307821, ""verify_s"": 0.006948959, ""witness_localcheck_s"": 0.440812875}",complete,verified,1,0,512,True
True,PLONK,growing-cfg,measured,"{""crypto_prove_s"": 21.288254209, ""peak_rss_bytes"": 3918036992, ""process_wall_s"": 44.051272, ""proof_bytes"": 1930, ""proof_serialization_s"": 8.542e-06, ""setup_s"": 21.237882625, ""verify_s"": 0.006954333, ""witness_localcheck_s"": 0.436432542}",complete,verified,2,0,512,True
True,PLONK,growing-cfg,measured,"{""crypto_prove_s"": 21.495671166, ""peak_rss_bytes"": 3918823424, ""process_wall_s"": 44.569408, ""proof_bytes"": 1930, ""proof_serialization_s"": 1.5e-05, ""setup_s"": 21.235903458, ""verify_s"": 0.006942667, ""witness_localcheck_s"": 0.43439875}",complete,verified,3,0,512,True
True,PLONK,growing-cfg,measured,"{""crypto_prove_s"": 45.742846, ""peak_rss_bytes"": 6647611392, ""process_wall_s"": 92.95985, ""proof_bytes"": 1930, ""proof_serialization_s"": 1.2541e-05, ""setup_s"": 44.333791792, ""verify_s"": 0.007917583, ""witness_localcheck_s"": 0.886732625}",complete,verified,1,0,1024,True
True,PLONK,growing-cfg,measured,"{""crypto_prove_s"": 43.375476209, ""peak_rss_bytes"": 7713259520, ""process_wall_s"": 90.607841, ""proof_bytes"": 1930, ""proof_serialization_s"": 9.541e-06, ""setup_s"": 44.077901583, ""verify_s"": 0.007946709, ""witness_localcheck_s"": 0.840868458}",complete,verified,2,0,1024,True
True,PLONK,growing-cfg,measured,"{""crypto_prove_s"": 43.395360417, ""peak_rss_bytes"": 7730020352, ""process_wall_s"": 89.642867, ""proof_bytes"": 1930, ""proof_serialization_s"": 9.125e-06, ""setup_s"": 43.373202, ""verify_s"": 0.008338083, ""witness_localcheck_s"": 0.841835292}",complete,verified,3,0,1024,True
True,PLONK,growing-cfg,measured,"{""crypto_prove_s"": 87.4891595, ""peak_rss_bytes"": 10780557312, ""process_wall_s"": 179.36208, ""proof_bytes"": 1930, ""proof_serialization_s"": 1.8416e-05, ""setup_s"": 86.244336708, ""verify_s"": 0.009166417, ""witness_localcheck_s"": 1.6872977919999999}",complete,verified,1,0,2048,True
True,PLONK,growing-cfg,measured,"{""crypto_prove_s"": 87.150487458, ""peak_rss_bytes"": 12538101760, ""process_wall_s"": 177.454013, ""proof_bytes"": 1930, ""proof_serialization_s"": 3.1458e-05, ""setup_s"": 84.419659416, ""verify_s"": 0.008682917, ""witness_localcheck_s"": 1.682366}",complete,verified,2,0,2048,True
True,PLONK,growing-cfg,measured,"{""crypto_prove_s"": 92.015769917, ""peak_rss_bytes"": 13045579776, ""process_wall_s"": 182.71723699999998, ""proof_bytes"": 1930, ""proof_serialization_s"": 2.8583e-05, ""setup_s"": 84.461498667, ""verify_s"": 0.008743458, ""witness_localcheck_s"": 1.760660375}",complete,verified,3,0,2048,True
True,PLONK,growing-cfg,measured,"{""crypto_prove_s"": 177.401825917, ""peak_rss_bytes"": 14342012928, ""process_wall_s"": 356.135531, ""proof_bytes"": 1930, ""proof_serialization_s"": 2.2958e-05, ""setup_s"": 166.372979125, ""verify_s"": 0.01344225, ""witness_localcheck_s"": 3.402236834}",complete,verified,1,0,4096,True
True,PLONK,growing-cfg,measured,"{""crypto_prove_s"": 175.720841959, ""peak_rss_bytes"": 16505094144, ""process_wall_s"": 361.110655, ""proof_bytes"": 1930, ""proof_serialization_s"": 3.3083e-05, ""setup_s"": 172.951315083, ""verify_s"": 0.01233775, ""witness_localcheck_s"": 3.872554917}",complete,verified,2,0,4096,True
True,PLONK,growing-cfg,measured,"{""crypto_prove_s"": 169.064039333, ""peak_rss_bytes"": 19368427520, ""process_wall_s"": 346.120544, ""proof_bytes"": 1930, ""proof_serialization_s"": 1.8375e-05, ""setup_s"": 164.643872541, ""verify_s"": 0.012297792, ""witness_localcheck_s"": 4.095104375}",complete,verified,3,0,4096,True
True,ZEKRA,growing-cfg,warmup,"{""crypto_prove_s"": 0.2643, ""process_wall_s"": 1.3308582080062479, ""setup_s"": 0.5105, ""verify_s"": 0.0048}",zekra,verified,1,0,64,True
True,ZEKRA,growing-cfg,measured,"{""crypto_prove_s"": 0.2657, ""process_wall_s"": 1.308609624975361, ""setup_s"": 0.5035, ""verify_s"": 0.0049}",zekra,verified,1,0,64,True
True,ZEKRA,growing-cfg,measured,"{""crypto_prove_s"": 0.2665, ""process_wall_s"": 1.3383484999649227, ""setup_s"": 0.5256, ""verify_s"": 0.0048}",zekra,verified,2,0,64,True
True,ZEKRA,growing-cfg,measured,"{""crypto_prove_s"": 0.2645, ""process_wall_s"": 1.3338926249998622, ""setup_s"": 0.5083, ""verify_s"": 0.0053}",zekra,verified,3,0,64,True
True,ZEKRA,growing-cfg,measured,"{""crypto_prove_s"": 0.447, ""process_wall_s"": 2.2176175420172513, ""setup_s"": 0.8675, ""verify_s"": 0.0049}",zekra,verified,1,0,128,True
True,ZEKRA,growing-cfg,measured,"{""crypto_prove_s"": 0.4452, ""process_wall_s"": 2.2306717920000665, ""setup_s"": 0.8588, ""verify_s"": 0.0048}",zekra,verified,2,0,128,True
True,ZEKRA,growing-cfg,measured,"{""crypto_prove_s"": 0.4298, ""process_wall_s"": 2.310264375002589, ""setup_s"": 0.9363, ""verify_s"": 0.0048}",zekra,verified,3,0,128,True
True,ZEKRA,growing-cfg,measured,"{""crypto_prove_s"": 0.973, ""process_wall_s"": 5.295450916979462, ""setup_s"": 2.0915, ""verify_s"": 0.0049}",zekra,verified,1,0,256,True
True,ZEKRA,growing-cfg,measured,"{""crypto_prove_s"": 0.9804, ""process_wall_s"": 5.293603833008092, ""setup_s"": 2.0808, ""verify_s"": 0.0049}",zekra,verified,2,0,256,True
True,ZEKRA,growing-cfg,measured,"{""crypto_prove_s"": 1.0168, ""process_wall_s"": 5.401509082992561, ""setup_s"": 2.1262, ""verify_s"": 0.0048}",zekra,verified,3,0,256,True
True,ZEKRA,growing-cfg,measured,"{""crypto_prove_s"": 1.9095, ""process_wall_s"": 12.481894500029739, ""setup_s"": 3.8729, ""verify_s"": 0.0049}",zekra,verified,1,0,512,True
True,ZEKRA,growing-cfg,measured,"{""crypto_prove_s"": 1.9034, ""process_wall_s"": 12.321906958997715, ""setup_s"": 4.0122, ""verify_s"": 0.0051}",zekra,verified,2,0,512,True
True,ZEKRA,growing-cfg,measured,"{""crypto_prove_s"": 1.927, ""process_wall_s"": 12.307620125007816, ""setup_s"": 4.0061, ""verify_s"": 0.0049}",zekra,verified,3,0,512,True
True,ZEKRA,growing-cfg,measured,"{""crypto_prove_s"": 3.9084, ""process_wall_s"": 34.12870145897614, ""setup_s"": 7.8773, ""verify_s"": 0.0048}",zekra,verified,1,0,1024,True
True,ZEKRA,growing-cfg,measured,"{""crypto_prove_s"": 3.9894, ""process_wall_s"": 34.126386040996294, ""setup_s"": 7.8093, ""verify_s"": 0.0048}",zekra,verified,2,0,1024,True
True,ZEKRA,growing-cfg,measured,"{""crypto_prove_s"": 3.9684, ""process_wall_s"": 35.168123958981596, ""setup_s"": 7.8176, ""verify_s"": 0.0047}",zekra,verified,3,0,1024,True
True,ZEKRA,growing-cfg,measured,"{""crypto_prove_s"": 8.5863, ""process_wall_s"": 124.05823445797432, ""setup_s"": 16.6692, ""verify_s"": 0.005}",zekra,verified,1,0,2048,True
True,ZEKRA,growing-cfg,measured,"{""crypto_prove_s"": 8.563, ""process_wall_s"": 122.51338187500369, ""setup_s"": 16.4087, ""verify_s"": 0.0048}",zekra,verified,2,0,2048,True
True,ZEKRA,growing-cfg,measured,"{""crypto_prove_s"": 8.5608, ""process_wall_s"": 122.33010029100114, ""setup_s"": 16.3062, ""verify_s"": 0.0049}",zekra,verified,3,0,2048,True
True,ZEKRA,growing-cfg,measured,"{""process_wall_s"": 235.38190987502458}",zekra,docker-oom,1,137,4096,False
