D,L,backend,case_id,delta_and_constraints,delta_bmul_constraints,delta_imul_constraints,delta_native_constraint_count,delta_zero_constraints,depth_bound,family,proof_requested,proof_verified,stack_pointer_bits,with_and_constraints,with_bmul_constraints,with_imul_constraints,with_native_constraint_count,with_zero_constraints,without_and_constraints,without_bmul_constraints,without_imul_constraints,without_native_constraint_count,without_zero_constraints,witness_satisfied,r1cs_constraints,smart_memory_index_bits,smart_memory_mode,smart_memory_packing
8,64,Binius64,L0064-D0008,917,380,0,1809,512,32767,length,True,True,15,7873,1269,0,11916,2774,6956,889,0,10107,2262,True,,,,
16,64,Binius64,L0064-D0016,917,380,0,1809,512,32767,diagonal,False,False,15,7873,1269,0,11916,2774,6956,889,0,10107,2262,True,,,,
8,128,Binius64,L0128-D0008,1109,764,0,2705,832,32767,length,False,False,15,11745,2165,0,18332,4422,10636,1401,0,15627,3590,True,,,,
32,128,Binius64,L0128-D0032,1109,764,0,2705,832,32767,diagonal,False,False,15,11745,2165,0,18332,4422,10636,1401,0,15627,3590,True,,,,
8,256,Binius64,L0256-D0008,1493,1532,0,4497,1472,32767,length,False,False,15,19489,3957,0,31164,7718,17996,2425,0,26667,6246,True,,,,
64,256,Binius64,L0256-D0064,1493,1532,0,4497,1472,32767,diagonal,False,False,15,19489,3957,0,31164,7718,17996,2425,0,26667,6246,True,,,,
8,512,Binius64,L0512-D0008,2261,3068,0,8081,2752,32767,length,False,False,15,34977,7541,0,56828,14310,32716,4473,0,48747,11558,True,,,,
128,512,Binius64,L0512-D0128,2261,3068,0,8081,2752,32767,diagonal,False,False,15,34977,7541,0,56828,14310,32716,4473,0,48747,11558,True,,,,
1,1024,Binius64,L1024-D0001,3797,6140,0,15249,5312,32767,depth,False,False,15,65953,14709,0,108156,27494,62156,8569,0,92907,22182,True,,,,
2,1024,Binius64,L1024-D0002,3797,6140,0,15249,5312,32767,depth,False,False,15,65953,14709,0,108156,27494,62156,8569,0,92907,22182,True,,,,
4,1024,Binius64,L1024-D0004,3797,6140,0,15249,5312,32767,depth,False,False,15,65953,14709,0,108156,27494,62156,8569,0,92907,22182,True,,,,
8,1024,Binius64,L1024-D0008,3797,6140,0,15249,5312,32767,length,False,False,15,65953,14709,0,108156,27494,62156,8569,0,92907,22182,True,,,,
8,1024,Binius64,L1024-D0008,3797,6140,0,15249,5312,32767,depth,False,False,15,65953,14709,0,108156,27494,62156,8569,0,92907,22182,True,,,,
16,1024,Binius64,L1024-D0016,3797,6140,0,15249,5312,32767,depth,False,False,15,65953,14709,0,108156,27494,62156,8569,0,92907,22182,True,,,,
32,1024,Binius64,L1024-D0032,3797,6140,0,15249,5312,32767,depth,False,False,15,65953,14709,0,108156,27494,62156,8569,0,92907,22182,True,,,,
64,1024,Binius64,L1024-D0064,3797,6140,0,15249,5312,32767,depth,False,False,15,65953,14709,0,108156,27494,62156,8569,0,92907,22182,True,,,,
128,1024,Binius64,L1024-D0128,3797,6140,0,15249,5312,32767,depth,False,False,15,65953,14709,0,108156,27494,62156,8569,0,92907,22182,True,,,,
256,1024,Binius64,L1024-D0256,3797,6140,0,15249,5312,32767,depth,True,True,15,65953,14709,0,108156,27494,62156,8569,0,92907,22182,True,,,,
256,1024,Binius64,L1024-D0256,3797,6140,0,15249,5312,32767,diagonal,True,True,15,65953,14709,0,108156,27494,62156,8569,0,92907,22182,True,,,,
8,2048,Binius64,L2048-D0008,6869,12284,0,29585,10432,32767,length,False,False,15,127905,29045,0,210812,53862,121036,16761,0,181227,43430,True,,,,
512,2048,Binius64,L2048-D0512,6869,12284,0,29585,10432,32767,diagonal,False,False,15,127905,29045,0,210812,53862,121036,16761,0,181227,43430,True,,,,
8,4096,Binius64,L4096-D0008,13013,24572,0,58257,20672,32767,length,False,False,15,251809,57717,0,416124,106598,238796,33145,0,357867,85926,True,,,,
1024,4096,Binius64,L4096-D1024,13013,24572,0,58257,20672,32767,diagonal,False,False,15,251809,57717,0,416124,106598,238796,33145,0,357867,85926,True,,,,
8,64,ZEKRA,L0064-D0008,,,,,,8,length,False,False,4,,,,,,,,,,,True,5225,0,2,0
16,64,ZEKRA,L0064-D0016,,,,,,16,diagonal,False,False,5,,,,,,,,,,,True,8877,0,2,0
8,128,ZEKRA,L0128-D0008,,,,,,8,length,False,False,4,,,,,,,,,,,True,10537,0,2,0
32,128,ZEKRA,L0128-D0032,,,,,,32,diagonal,False,False,6,,,,,,,,,,,True,24474,0,1,0
8,256,ZEKRA,L0256-D0008,,,,,,8,length,False,False,4,,,,,,,,,,,True,21161,0,2,0
64,256,ZEKRA,L0256-D0064,,,,,,64,diagonal,False,False,7,,,,,,,,,,,True,54115,0,1,0
8,512,ZEKRA,L0512-D0008,,,,,,8,length,False,False,4,,,,,,,,,,,True,42409,0,2,0
128,512,ZEKRA,L0512-D0128,,,,,,128,diagonal,False,False,8,,,,,,,,,,,True,118380,0,1,0
1,1024,ZEKRA,L1024-D0001,,,,,,1,depth,False,False,1,,,,,,,,,,,True,28649,0,2,0
2,1024,ZEKRA,L1024-D0002,,,,,,2,depth,False,False,2,,,,,,,,,,,True,37851,0,2,0
4,1024,ZEKRA,L1024-D0004,,,,,,4,depth,False,False,3,,,,,,,,,,,True,54217,0,2,0
8,1024,ZEKRA,L1024-D0008,,,,,,8,length,False,False,4,,,,,,,,,,,True,84905,0,2,0
8,1024,ZEKRA,L1024-D0008,,,,,,8,depth,False,False,4,,,,,,,,,,,True,84905,0,2,0
16,1024,ZEKRA,L1024-D0016,,,,,,16,depth,False,False,5,,,,,,,,,,,True,144237,0,2,0
32,1024,ZEKRA,L1024-D0032,,,,,,32,depth,False,False,6,,,,,,,,,,,True,220467,0,1,0
64,1024,ZEKRA,L1024-D0064,,,,,,64,depth,False,False,7,,,,,,,,,,,True,229193,0,1,0
128,1024,ZEKRA,L1024-D0128,,,,,,128,depth,False,False,8,,,,,,,,,,,True,240479,0,1,0
256,1024,ZEKRA,L1024-D0256,,,,,,256,depth,False,False,9,,,,,,,,,,,True,256853,0,1,0
256,1024,ZEKRA,L1024-D0256,,,,,,256,diagonal,False,False,9,,,,,,,,,,,True,256853,0,1,0
8,2048,ZEKRA,L2048-D0008,,,,,,8,length,False,False,4,,,,,,,,,,,True,169897,0,2,0
512,2048,ZEKRA,L2048-D0512,,,,,,512,diagonal,False,False,10,,,,,,,,,,,True,553662,0,1,0
8,4096,ZEKRA,L4096-D0008,,,,,,8,length,False,False,4,,,,,,,,,,,True,339881,0,2,0
1024,4096,ZEKRA,L4096-D1024,,,,,,1024,diagonal,False,False,11,,,,,,,,,,,True,1186983,0,1,0
1,1024,ZEKRA,L1024-D0001,,,,,,1,fixed-pointer15,False,False,15,,,,,,,,,,,True,57262,0,2,0
8,1024,ZEKRA,L1024-D0008,,,,,,8,fixed-pointer15,False,False,15,,,,,,,,,,,True,107389,0,2,0
32,1024,ZEKRA,L1024-D0032,,,,,,32,fixed-pointer15,False,False,15,,,,,,,,,,,True,257268,0,1,0
256,1024,ZEKRA,L1024-D0256,,,,,,256,fixed-pointer15,False,False,15,,,,,,,,,,,True,281387,0,1,0
